wpId	authorName
97686	Sugar Times
97802	Sugar Times
97810	Sugar Times
97813	Sugar Times
97820	Sugar Times
97821	Sugar Times
97827	Sugar Times
97833	Sugar Times
97838	Sugar Times
97840	Sugar Times
97845	Sugar Times
97846	Sugar Times
97851	Sugar Times
97856	Sugar Times
97857	Sugar Times
97863	Sugar Times
97866	Sugar Times
97872	Sugar Times
97876	Sugar Times
97877	Sugar Times
97882	Sugar Times
97884	Sugar Times
97887	Sugar Times
97893	Sugar Times
97900	Sugar Times
97901	Sugar Times
97912	Sugar Times
97916	Sugar Times
97917	Sugar Times
97918	Sugar Times
97919	Sugar Times
97921	Sugar Times
97922	Sugar Times
97930	Sugar Times
97940	Sugar Times
97945	Sugar Times
97962	Sugar Times
97963	Sugar Times
97967	Sugar Times
97974	Sugar Times
97976	Sugar Times
97980	Sugar Times
97985	Sugar Times
97988	Sugar Times
97996	Sugar Times
98010	Sugar Times
98013	Sugar Times
98015	Sugar Times
98018	Sugar Times
98019	Sugar Times
98030	Sugar Times
98031	Sugar Times
98038	Sugar Times
98040	Sugar Times
98041	Sugar Times
98042	Sugar Times
98045	Sugar Times
98046	Sugar Times
98048	Sugar Times
98053	Sugar Times
98055	Sugar Times
98058	Sugar Times
98064	Sugar Times
98081	Sugar Times
98084	Sugar Times
98085	Sugar Times
98086	Sugar Times
98088	Sugar Times
98091	Sugar Times
98094	Sugar Times
98097	Sugar Times
98113	Sugar Times
98116	Sugar Times
98117	Sugar Times
98121	Sugar Times
98129	Sugar Times
98134	Sugar Times
98142	Sugar Times
98143	Sugar Times
98147	Sugar Times
98148	Sugar Times
98155	Sugar Times
98156	Sugar Times
98160	Sugar Times
98166	Sugar Times
98171	Sugar Times
98180	Sugar Times
98183	Sugar Times
98197	Sugar Times
98198	Sugar Times
98208	Sugar Times
98209	Sugar Times
98218	Sugar Times
98227	Sugar Times
98235	Sugar Times
98236	Sugar Times
98242	Sugar Times
98245	Sugar Times
98246	Sugar Times
98255	Sugar Times
98257	Sugar Times
98260	Sugar Times
98268	Sugar Times
98273	Sugar Times
98274	Sugar Times
98276	Sugar Times
98284	Sugar Times
98288	Sugar Times
98289	Sugar Times
98295	Sugar Times
98296	Sugar Times
98301	Sugar Times
98306	Sugar Times
98307	Sugar Times
98315	Sugar Times
98324	Sugar Times
98326	Sugar Times
98328	Sugar Times
98329	Sugar Times
98331	Sugar Times
98334	Sugar Times
98343	Sugar Times
98348	Sugar Times
98351	Sugar Times
98353	Sugar Times
98366	Sugar Times
98367	Sugar Times
98368	Sugar Times
98369	Sugar Times
98572	Sugar Times
98575	Sugar Times
98577	Sugar Times
98582	Sugar Times
98591	Sugar Times
98596	Sugar Times
98597	Sugar Times
98603	Sugar Times
98604	Sugar Times
98607	Sugar Times
98611	Sugar Times
98612	Sugar Times
98615	Sugar Times
98635	Sugar Times
98642	Sugar Times
98647	Sugar Times
98648	Sugar Times
98649	Sugar Times
98655	Sugar Times
98657	Sugar Times
98664	Sugar Times
98665	Sugar Times
98670	Sugar Times
98675	Sugar Times
98681	Sugar Times
98684	Sugar Times
98686	Sugar Times
98697	Sugar Times
98698	Sugar Times
98700	Sugar Times
98703	Sugar Times
98708	Sugar Times
98720	Sugar Times
98722	Sugar Times
98725	Sugar Times
98737	Sugar Times
98738	Sugar Times
98752	Sugar Times
98759	Sugar Times
98762	Sugar Times
98763	Sugar Times
98773	Sugar Times
98774	Sugar Times
98775	Sugar Times
98776	Sugar Times
98781	Sugar Times
98782	Sugar Times
98788	Sugar Times
98790	Sugar Times
98791	Sugar Times
98815	Sugar Times
98820	Sugar Times
98823	Sugar Times
98824	Sugar Times
98828	Sugar Times
98830	Sugar Times
98831	Sugar Times
98838	Sugar Times
98844	Sugar Times
98847	Sugar Times
98848	Sugar Times
98865	Sugar Times
98868	Sugar Times
98870	Sugar Times
98871	Sugar Times
98875	Sugar Times
98877	Sugar Times
98878	Sugar Times
98883	Sugar Times
98891	Sugar Times
98892	Sugar Times
98893	Sugar Times
98900	Sugar Times
98902	Sugar Times
98904	Sugar Times
98905	Sugar Times
98921	Sugar Times
98924	Sugar Times
98926	Sugar Times
98934	Sugar Times
98938	Sugar Times
98939	Sugar Times
98944	Sugar Times
98946	Sugar Times
98948	Sugar Times
98949	Sugar Times
98954	Sugar Times
98962	Sugar Times
98971	Sugar Times
98977	Sugar Times
98979	Sugar Times
98980	Sugar Times
98981	Sugar Times
98984	Sugar Times
98989	Sugar Times
98995	Sugar Times
99000	Sugar Times
99003	Sugar Times
99004	Sugar Times
99005	Sugar Times
99021	Sugar Times
99026	Sugar Times
99027	Sugar Times
99028	Sugar Times
99029	Sugar Times
99030	Sugar Times
99034	Sugar Times
99040	Sugar Times
99042	Sugar Times
99043	Sugar Times
99047	Sugar Times
99048	Sugar Times
99052	Sugar Times
99053	Sugar Times
99055	Sugar Times
99056	Sugar Times
99065	Sugar Times
99068	Sugar Times
99069	Sugar Times
99070	Sugar Times
99075	Sugar Times
99084	Sugar Times
99085	Sugar Times
99086	Sugar Times
99096	Sugar Times
99097	Sugar Times
99118	Sugar Times
99121	Sugar Times
99122	Sugar Times
99123	Sugar Times
99125	Sugar Times
99141	Sugar Times
99143	Sugar Times
99146	Sugar Times
99148	Sugar Times
99150	Sugar Times
99151	Sugar Times
99157	Sugar Times
99158	Sugar Times
99162	Sugar Times
99163	Sugar Times
99166	Sugar Times
99170	Sugar Times
99171	Sugar Times
99173	Sugar Times
99175	Sugar Times
99176	Sugar Times
99178	Sugar Times
99183	Sugar Times
99184	Sugar Times
99200	Sugar Times
99203	Sugar Times
99204	Sugar Times
99205	Sugar Times
99206	Sugar Times
99207	Sugar Times
99213	Sugar Times
99215	Sugar Times
99217	Sugar Times
99228	Sugar Times
99229	Sugar Times
99231	Sugar Times
99234	Sugar Times
99237	Sugar Times
99238	Sugar Times
99256	Sugar Times
99257	Sugar Times
99259	Sugar Times
99263	Sugar Times
99268	Sugar Times
99274	Sugar Times
99275	Sugar Times
99276	Sugar Times
99292	Sugar Times
99294	Sugar Times
99296	Sugar Times
99300	Sugar Times
99301	Sugar Times
99302	Sugar Times
99303	Sugar Times
99309	Sugar Times
99316	Sugar Times
99328	Sugar Times
99329	Sugar Times
99332	Sugar Times
99334	Sugar Times
99338	Sugar Times
99339	Sugar Times
99340	Sugar Times
99342	Sugar Times
99346	Sugar Times
99347	Sugar Times
99348	Sugar Times
99351	Sugar Times
99352	Sugar Times
99353	Sugar Times
99358	Sugar Times
99360	Sugar Times
99374	Sugar Times
99375	Sugar Times
99383	Sugar Times
99384	Sugar Times
99389	Sugar Times
99397	Sugar Times
99406	Sugar Times
99418	Sugar Times
99419	Sugar Times
99420	Sugar Times
99427	Sugar Times
99433	Sugar Times
99434	Sugar Times
99457	Sugar Times
99458	Sugar Times
99469	Sugar Times
99476	Sugar Times
99481	Sugar Times
99488	Sugar Times
99500	Sugar Times
99502	Sugar Times
99506	Sugar Times
99507	Sugar Times
99515	Sugar Times
99517	Sugar Times
99521	Sugar Times
99522	Sugar Times
99526	Sugar Times
99529	Sugar Times
99531	Sugar Times
99532	Sugar Times
99537	Sugar Times
99539	Sugar Times
99541	Sugar Times
99544	Sugar Times
99548	Sugar Times
99554	Sugar Times
99557	Sugar Times
99559	Sugar Times
99560	Sugar Times
99567	Sugar Times
99568	Sugar Times
99569	Sugar Times
99572	Sugar Times
99573	Sugar Times
99585	Sugar Times
99586	Sugar Times
99591	Sugar Times
99592	Sugar Times
99596	Sugar Times
99603	Sugar Times
99605	Sugar Times
99607	Sugar Times
99610	Sugar Times
99620	Sugar Times
99621	Sugar Times
99622	Sugar Times
99623	Sugar Times
99631	Sugar Times
99633	Sugar Times
99634	Sugar Times
99639	Sugar Times
99645	Sugar Times
99646	Sugar Times
99651	Sugar Times
99659	Sugar Times
99667	Sugar Times
99668	Sugar Times
99669	Sugar Times
99670	Sugar Times
99677	Sugar Times
99679	Sugar Times
99684	Sugar Times
99692	Sugar Times
99694	Sugar Times
99700	Sugar Times
99709	Sugar Times
99710	Sugar Times
99711	Sugar Times
99937	Sugar Times
99941	Sugar Times
99942	Sugar Times
99944	Sugar Times
99949	Sugar Times
99950	Sugar Times
99956	Sugar Times
99958	Sugar Times
99964	Sugar Times
99966	Sugar Times
99967	Sugar Times
99968	Sugar Times
99969	Sugar Times
99973	Sugar Times
99974	Sugar Times
99978	Sugar Times
99979	Sugar Times
99980	Sugar Times
99983	Sugar Times
99985	Sugar Times
99986	Sugar Times
99993	Sugar Times
99994	Sugar Times
100002	Sugar Times
100004	Sugar Times
100006	Sugar Times
100008	Sugar Times
100017	Sugar Times
100019	Sugar Times
100024	Sugar Times
100026	Sugar Times
100027	Sugar Times
100029	Sugar Times
100033	Sugar Times
100041	Sugar Times
100042	Sugar Times
100043	Sugar Times
100044	Sugar Times
100050	Sugar Times
100053	Sugar Times
100055	Sugar Times
100057	Sugar Times
100061	Sugar Times
100062	Sugar Times
100063	Sugar Times
100064	Sugar Times
100068	Sugar Times
100069	Sugar Times
100079	Sugar Times
100081	Sugar Times
100082	Sugar Times
100086	Sugar Times
100091	Sugar Times
100092	Sugar Times
100093	Sugar Times
100098	Sugar Times
100099	Sugar Times
100102	Sugar Times
100107	Sugar Times
100115	Sugar Times
100116	Sugar Times
100117	Sugar Times
100118	Sugar Times
100121	Sugar Times
100122	Sugar Times
100127	Sugar Times
100129	Sugar Times
100131	Sugar Times
100136	Sugar Times
100137	Sugar Times
100142	Sugar Times
100143	Sugar Times
100151	Sugar Times
100153	Sugar Times
100154	Sugar Times
100157	Sugar Times
100165	Sugar Times
100166	Sugar Times
100167	Sugar Times
100170	Sugar Times
100172	Sugar Times
100173	Sugar Times
100178	Sugar Times
100179	Sugar Times
100181	Sugar Times
100187	Sugar Times
100189	Sugar Times
100191	Sugar Times
100192	Sugar Times
100197	Sugar Times
100201	Sugar Times
100204	Sugar Times
100207	Sugar Times
100211	Sugar Times
100212	Sugar Times
100219	Sugar Times
100220	Sugar Times
100228	Sugar Times
100230	Sugar Times
100231	Sugar Times
100235	Sugar Times
100236	Sugar Times
100239	Sugar Times
100243	Sugar Times
100244	Sugar Times
100249	Sugar Times
100250	Sugar Times
100255	Sugar Times
100256	Sugar Times
100264	Sugar Times
100265	Sugar Times
100266	Sugar Times
100267	Sugar Times
100279	Sugar Times
100280	Sugar Times
100284	Sugar Times
100287	Sugar Times
100292	Sugar Times
100293	Sugar Times
100298	Sugar Times
100299	Sugar Times
100309	Sugar Times
100311	Sugar Times
100312	Sugar Times
100316	Sugar Times
100318	Sugar Times
100320	Sugar Times
100323	Sugar Times
100328	Sugar Times
100329	Sugar Times
100333	Sugar Times
100336	Sugar Times
100337	Sugar Times
100347	Sugar Times
100348	Sugar Times
100353	Sugar Times
100356	Sugar Times
100359	Sugar Times
100360	Sugar Times
100367	Sugar Times
100368	Sugar Times
100373	Sugar Times
100381	Sugar Times
100382	Sugar Times
100383	Sugar Times
100384	Sugar Times
100387	Sugar Times
100391	Sugar Times
100393	Sugar Times
100394	Sugar Times
100397	Sugar Times
100401	Sugar Times
100402	Sugar Times
100403	Sugar Times
100409	Sugar Times
100419	Sugar Times
100420	Sugar Times
100421	Sugar Times
100422	Sugar Times
100443	Sugar Times
100444	Sugar Times
100445	Sugar Times
100447	Sugar Times
100450	Sugar Times
100455	Sugar Times
100456	Sugar Times
100463	Sugar Times
100464	Sugar Times
100472	Sugar Times
100475	Sugar Times
100493	Sugar Times
100496	Sugar Times
100499	Sugar Times
100500	Sugar Times
100501	Sugar Times
100506	Sugar Times
100507	Sugar Times
100508	Sugar Times
100512	Sugar Times
100513	Sugar Times
100519	Sugar Times
100521	Sugar Times
100522	Sugar Times
100523	Sugar Times
100527	Sugar Times
100528	Sugar Times
100531	Sugar Times
100533	Sugar Times
100534	Sugar Times
100543	Sugar Times
100545	Sugar Times
100547	Sugar Times
100549	Sugar Times
100551	Sugar Times
100554	Sugar Times
100558	Sugar Times
100559	Sugar Times
100562	Sugar Times
100564	Sugar Times
100565	Sugar Times
100566	Sugar Times
100568	Sugar Times
100570	Sugar Times
100571	Sugar Times
100573	Sugar Times
100849	Sugar Times
100850	Sugar Times
100851	Sugar Times
101465	Sugar Times
101466	Sugar Times
101470	Sugar Times
101471	Sugar Times
101477	Sugar Times
101479	Sugar Times
101484	Sugar Times
101503	Sugar Times
101504	Sugar Times
101506	Sugar Times
101509	Sugar Times
101519	Sugar Times
101521	Sugar Times
101524	Sugar Times
101525	Sugar Times
101528	Sugar Times
101530	Sugar Times
101532	Sugar Times
101535	Sugar Times
101536	Sugar Times
101540	Sugar Times
101542	Sugar Times
101543	Sugar Times
101544	Sugar Times
101546	Sugar Times
101549	Sugar Times
101552	Sugar Times
101554	Sugar Times
101558	Sugar Times
101562	Sugar Times
101564	Sugar Times
101567	Sugar Times
101568	Sugar Times
101569	Sugar Times
101570	Sugar Times
101575	Sugar Times
101577	Sugar Times
101581	Sugar Times
101611	Sugar Times
101615	Sugar Times
101618	Sugar Times
101622	Sugar Times
101624	Sugar Times
101627	Sugar Times
101628	Sugar Times
101648	Sugar Times
101651	Sugar Times
101653	Sugar Times
101654	Sugar Times
101655	Sugar Times
101656	Sugar Times
101657	Sugar Times
101658	Sugar Times
101661	Sugar Times
101663	Sugar Times
101666	Sugar Times
101667	Sugar Times
101671	Sugar Times
101673	Sugar Times
101674	Sugar Times
101677	Sugar Times
101678	Sugar Times
101682	Sugar Times
101683	Sugar Times
101687	Sugar Times
101689	Sugar Times
101691	Sugar Times
101692	Sugar Times
101697	Sugar Times
101698	Sugar Times
101699	Sugar Times
101701	Sugar Times
101703	Sugar Times
101705	Sugar Times
101706	Sugar Times
101707	Sugar Times
101710	Sugar Times
101711	Sugar Times
101713	Sugar Times
101717	Sugar Times
101718	Sugar Times
101910	Sugar Times
101911	Sugar Times
101913	Sugar Times
101914	Sugar Times
101915	Sugar Times
101916	Sugar Times
101917	Sugar Times
101918	Sugar Times
101919	Sugar Times
101920	Sugar Times
101921	Sugar Times
101922	Sugar Times
101923	Sugar Times
101924	Sugar Times
101925	Sugar Times
101926	Sugar Times
101927	Sugar Times
101928	Sugar Times
101929	Sugar Times
101930	Sugar Times
101931	Sugar Times
101932	Sugar Times
101933	Sugar Times
101935	Sugar Times
101936	Sugar Times
101937	Sugar Times
101938	Sugar Times
101939	Sugar Times
101940	Sugar Times
101941	Sugar Times
101942	Sugar Times
101943	Sugar Times
101944	Sugar Times
101945	Sugar Times
101946	Sugar Times
101947	Sugar Times
101949	Sugar Times
101950	Sugar Times
101951	Sugar Times
101952	Sugar Times
101953	Sugar Times
101954	Sugar Times
101955	Sugar Times
101956	Sugar Times
101957	Sugar Times
101958	Sugar Times
101963	Sugar Times
101966	Sugar Times
101967	Sugar Times
101970	Sugar Times
101973	Sugar Times
101974	Sugar Times
101975	Sugar Times
101976	Sugar Times
101977	Sugar Times
101978	Sugar Times
101979	Sugar Times
101980	Sugar Times
101981	Sugar Times
101983	Sugar Times
101984	Sugar Times
101985	Sugar Times
101986	Sugar Times
101987	Sugar Times
101988	Sugar Times
101989	Sugar Times
101990	Sugar Times
101991	Sugar Times
101992	Sugar Times
101993	Sugar Times
101994	Sugar Times
101995	Sugar Times
102005	Sugar Times
102007	Sugar Times
102008	Sugar Times
102009	Sugar Times
102010	Sugar Times
102011	Sugar Times
102012	Sugar Times
102013	Sugar Times
102014	Sugar Times
102015	Sugar Times
102016	Sugar Times
102017	Sugar Times
102018	Sugar Times
102019	Sugar Times
102020	Sugar Times
102021	Sugar Times
102022	Sugar Times
102023	Sugar Times
102024	Sugar Times
102025	Sugar Times
102026	Sugar Times
102027	Sugar Times
102028	Sugar Times
102029	Sugar Times
102030	Sugar Times
102031	Sugar Times
102032	Sugar Times
102033	Sugar Times
102035	Sugar Times
102036	Sugar Times
102037	Sugar Times
102038	Sugar Times
102039	Sugar Times
102040	Sugar Times
102041	Sugar Times
102042	Sugar Times
102043	Sugar Times
102044	Sugar Times
102045	Sugar Times
102046	Sugar Times
102047	Sugar Times
102048	Sugar Times
102049	Sugar Times
102050	Sugar Times
102052	Sugar Times
102053	Sugar Times
102054	Sugar Times
102055	Sugar Times
102056	Sugar Times
102057	Sugar Times
102058	Sugar Times
102059	Sugar Times
102060	Sugar Times
102061	Sugar Times
102062	Sugar Times
102063	Sugar Times
102064	Sugar Times
102065	Sugar Times
102066	Sugar Times
102067	Sugar Times
102068	Sugar Times
102069	Sugar Times
102070	Sugar Times
102072	Sugar Times
102073	Sugar Times
102074	Sugar Times
102075	Sugar Times
102076	Sugar Times
102077	Sugar Times
102078	Sugar Times
102079	Sugar Times
102080	Sugar Times
102081	Sugar Times
102095	Sugar Times
102097	Sugar Times
102098	Sugar Times
102099	Sugar Times
102100	Sugar Times
102101	Sugar Times
102102	Sugar Times
102103	Sugar Times
102104	Sugar Times
102105	Sugar Times
102106	Sugar Times
102107	Sugar Times
102108	Sugar Times
102110	Sugar Times
102116	Sugar Times
102117	Sugar Times
102118	Sugar Times
102119	Sugar Times
102120	Sugar Times
102121	Sugar Times
102122	Sugar Times
102124	Sugar Times
102125	Sugar Times
102126	Sugar Times
102127	Sugar Times
102128	Sugar Times
102129	Sugar Times
102130	Sugar Times
102131	Sugar Times
102132	Sugar Times
102135	Sugar Times
102137	Sugar Times
102139	Sugar Times
102141	Sugar Times
102142	Sugar Times
102144	Sugar Times
102147	Sugar Times
102149	Sugar Times
102152	Sugar Times
102153	Sugar Times
102154	Sugar Times
102155	Sugar Times
102156	Sugar Times
102157	Sugar Times
102158	Sugar Times
102159	Sugar Times
102160	Sugar Times
102161	Sugar Times
102162	Sugar Times
102163	Sugar Times
102164	Sugar Times
102165	Sugar Times
102167	Sugar Times
102168	Sugar Times
102169	Sugar Times
102170	Sugar Times
102171	Sugar Times
102172	Sugar Times
102173	Sugar Times
102174	Sugar Times
102175	Sugar Times
102176	Sugar Times
102177	Sugar Times
102179	Sugar Times
102180	Sugar Times
102181	Sugar Times
102182	Sugar Times
102183	Sugar Times
102184	Sugar Times
102185	Sugar Times
102186	Sugar Times
102187	Sugar Times
102188	Sugar Times
102189	Sugar Times
102190	Sugar Times
102191	Sugar Times
102192	Sugar Times
102193	Sugar Times
102194	Sugar Times
102195	Sugar Times
102196	Sugar Times
102198	Sugar Times
102199	Sugar Times
102200	Sugar Times
102201	Sugar Times
102202	Sugar Times
102203	Sugar Times
102204	Sugar Times
102205	Sugar Times
102206	Sugar Times
102207	Sugar Times
102208	Sugar Times
102209	Sugar Times
102211	Sugar Times
102212	Sugar Times
102215	Sugar Times
102216	Sugar Times
102217	Sugar Times
102219	Sugar Times
102221	Sugar Times
102224	Sugar Times
102227	Sugar Times
102232	Sugar Times
102233	Sugar Times
102234	Sugar Times
102235	Sugar Times
102236	Sugar Times
102237	Sugar Times
102238	Sugar Times
102239	Sugar Times
102240	Sugar Times
102241	Sugar Times
102242	Sugar Times
102243	Sugar Times
102244	Sugar Times
102245	Sugar Times
102246	Sugar Times
102247	Sugar Times
102248	Sugar Times
102250	Sugar Times
102251	Sugar Times
102252	Sugar Times
102253	Sugar Times
102254	Sugar Times
102255	Sugar Times
102256	Sugar Times
102257	Sugar Times
102258	Sugar Times
102259	Sugar Times
102260	Sugar Times
102261	Sugar Times
102263	Sugar Times
102264	Sugar Times
102265	Sugar Times
102266	Sugar Times
102267	Sugar Times
102268	Sugar Times
102269	Sugar Times
102270	Sugar Times
102271	Sugar Times
102272	Sugar Times
102273	Sugar Times
102274	Sugar Times
102275	Sugar Times
102276	Sugar Times
102277	Sugar Times
102278	Sugar Times
102279	Sugar Times
102280	Sugar Times
102281	Sugar Times
102282	Sugar Times
102283	Sugar Times
102284	Sugar Times
102285	Sugar Times
102287	Sugar Times
102288	Sugar Times
102289	Sugar Times
102290	Sugar Times
102291	Sugar Times
102292	Sugar Times
102293	Sugar Times
102294	Sugar Times
102295	Sugar Times
102296	Sugar Times
102297	Sugar Times
102298	Sugar Times
102299	Sugar Times
102301	Sugar Times
102302	Sugar Times
102303	Sugar Times
102304	Sugar Times
102305	Sugar Times
102306	Sugar Times
102307	Sugar Times
102308	Sugar Times
102309	Sugar Times
102310	Sugar Times
102311	Sugar Times
102313	Sugar Times
102314	Sugar Times
102318	Sugar Times
102323	Sugar Times
102327	Sugar Times
102328	Sugar Times
102329	Sugar Times
102330	Sugar Times
102331	Sugar Times
102332	Sugar Times
102333	Sugar Times
102334	Sugar Times
102336	Sugar Times
102337	Sugar Times
102338	Sugar Times
102339	Sugar Times
102340	Sugar Times
102341	Sugar Times
102342	Sugar Times
102343	Sugar Times
102344	Sugar Times
102345	Sugar Times
102346	Sugar Times
102348	Sugar Times
102349	Sugar Times
102350	Sugar Times
102351	Sugar Times
102352	Sugar Times
102353	Sugar Times
102354	Sugar Times
102355	Sugar Times
102356	Sugar Times
102357	Sugar Times
102358	Sugar Times
102359	Sugar Times
102360	Sugar Times
102361	Sugar Times
102362	Sugar Times
102363	Sugar Times
102364	Sugar Times
102365	Sugar Times
102366	Sugar Times
102367	Sugar Times
102368	Sugar Times
102369	Sugar Times
102370	Sugar Times
102372	Sugar Times
102373	Sugar Times
102374	Sugar Times
102375	Sugar Times
102376	Sugar Times
102377	Sugar Times
102378	Sugar Times
102379	Sugar Times
102380	Sugar Times
102381	Sugar Times
102382	Sugar Times
102383	Sugar Times
102385	Sugar Times
102386	Sugar Times
102387	Sugar Times
102388	Sugar Times
102389	Sugar Times
102390	Sugar Times
102391	Sugar Times
102392	Sugar Times
102393	Sugar Times
102394	Sugar Times
102395	Sugar Times
102396	Sugar Times
102397	Sugar Times
102398	Sugar Times
102399	Sugar Times
102400	Sugar Times
102401	Sugar Times
102402	Sugar Times
102403	Sugar Times
102405	Sugar Times
102406	Sugar Times
102407	Sugar Times
102408	Sugar Times
102409	Sugar Times
102410	Sugar Times
102411	Sugar Times
102412	Sugar Times
102413	Sugar Times
102414	Sugar Times
102415	Sugar Times
102426	Sugar Times
102428	Sugar Times
102429	Sugar Times
102430	Sugar Times
102431	Sugar Times
102432	Sugar Times
102433	Sugar Times
102434	Sugar Times
102435	Sugar Times
102436	Sugar Times
102437	Sugar Times
102438	Sugar Times
102439	Sugar Times
102440	Sugar Times
102441	Sugar Times
102442	Sugar Times
102443	Sugar Times
102444	Sugar Times
102445	Sugar Times
102446	Sugar Times
102447	Sugar Times
102448	Sugar Times
102450	Sugar Times
102451	Sugar Times
102452	Sugar Times
102453	Sugar Times
102454	Sugar Times
102455	Sugar Times
102456	Sugar Times
102457	Sugar Times
102458	Sugar Times
102462	Sugar Times
102464	Sugar Times
102465	Sugar Times
102466	Sugar Times
102467	Sugar Times
102468	Sugar Times
102469	Sugar Times
102470	Sugar Times
102471	Sugar Times
102472	Sugar Times
102474	Sugar Times
102476	Sugar Times
102478	Sugar Times
102479	Sugar Times
102480	Sugar Times
102481	Sugar Times
102482	Sugar Times
102483	Sugar Times
102484	Sugar Times
102485	Sugar Times
102486	Sugar Times
102487	Sugar Times
102488	Sugar Times
102490	Sugar Times
102491	Sugar Times
102492	Sugar Times
102493	Sugar Times
102494	Sugar Times
102495	Sugar Times
102496	Sugar Times
102497	Sugar Times
102498	Sugar Times
102499	Sugar Times
102500	Sugar Times
102501	Sugar Times
102503	Sugar Times
102504	Sugar Times
102505	Sugar Times
102506	Sugar Times
102507	Sugar Times
102508	Sugar Times
102509	Sugar Times
102510	Sugar Times
102511	Sugar Times
102516	Sugar Times
102520	Sugar Times
102521	Sugar Times
102522	Sugar Times
102523	Sugar Times
102524	Sugar Times
102525	Sugar Times
102526	Sugar Times
102527	Sugar Times
102528	Sugar Times
102529	Sugar Times
102531	Sugar Times
102532	Sugar Times
102533	Sugar Times
102534	Sugar Times
102535	Sugar Times
102536	Sugar Times
102537	Sugar Times
102538	Sugar Times
102539	Sugar Times
102540	Sugar Times
102541	Sugar Times
102542	Sugar Times
102543	Sugar Times
102545	Sugar Times
102546	Sugar Times
102547	Sugar Times
102548	Sugar Times
102549	Sugar Times
102550	Sugar Times
102551	Sugar Times
102552	Sugar Times
102553	Sugar Times
102554	Sugar Times
102555	Sugar Times
102556	Sugar Times
102557	Sugar Times
102558	Sugar Times
102559	Sugar Times
102560	Sugar Times
102561	Sugar Times
102562	Sugar Times
102563	Sugar Times
102564	Sugar Times
102565	Sugar Times
102566	Sugar Times
102567	Sugar Times
102569	Sugar Times
102570	Sugar Times
102571	Sugar Times
102572	Sugar Times
102573	Sugar Times
102574	Sugar Times
102575	Sugar Times
102576	Sugar Times
102577	Sugar Times
102578	Sugar Times
102579	Sugar Times
102582	Sugar Times
102584	Sugar Times
102585	Sugar Times
102589	Sugar Times
102590	Sugar Times
102593	Sugar Times
102594	Sugar Times
102595	Sugar Times
102596	Sugar Times
102597	Sugar Times
102598	Sugar Times
102599	Sugar Times
102600	Sugar Times
102601	Sugar Times
102602	Sugar Times
102603	Sugar Times
102604	Sugar Times
102605	Sugar Times
102606	Sugar Times
102607	Sugar Times
102608	Sugar Times
102609	Sugar Times
102610	Sugar Times
102612	Sugar Times
102613	Sugar Times
102614	Sugar Times
102615	Sugar Times
102616	Sugar Times
102617	Sugar Times
102618	Sugar Times
102619	Sugar Times
102620	Sugar Times
102621	Sugar Times
102622	Sugar Times
102623	Sugar Times
102625	Sugar Times
102626	Sugar Times
102627	Sugar Times
102628	Sugar Times
102629	Sugar Times
102630	Sugar Times
102631	Sugar Times
102632	Sugar Times
102633	Sugar Times
102634	Sugar Times
102635	Sugar Times
102636	Sugar Times
102637	Sugar Times
102638	Sugar Times
102639	Sugar Times
102640	Sugar Times
102641	Sugar Times
102642	Sugar Times
102643	Sugar Times
102645	Sugar Times
102646	Sugar Times
102647	Sugar Times
102648	Sugar Times
102649	Sugar Times
102650	Sugar Times
102651	Sugar Times
102652	Sugar Times
102653	Sugar Times
102654	Sugar Times
102655	Sugar Times
102656	Sugar Times
102658	Sugar Times
102659	Sugar Times
102660	Sugar Times
102661	Sugar Times
102662	Sugar Times
102665	Sugar Times
102667	Sugar Times
102668	Sugar Times
102672	Sugar Times
102673	Sugar Times
102674	Sugar Times
102675	Sugar Times
102676	Sugar Times
102677	Sugar Times
102678	Sugar Times
102679	Sugar Times
102680	Sugar Times
102681	Sugar Times
102682	Sugar Times
102683	Sugar Times
102684	Sugar Times
102686	Sugar Times
102687	Sugar Times
102688	Sugar Times
102689	Sugar Times
102690	Sugar Times
102691	Sugar Times
102692	Sugar Times
102693	Sugar Times
102694	Sugar Times
102695	Sugar Times
102696	Sugar Times
102704	Sugar Times
102705	Sugar Times
102707	Sugar Times
102708	Sugar Times
102709	Sugar Times
102710	Sugar Times
102711	Sugar Times
102712	Sugar Times
102713	Sugar Times
102714	Sugar Times
102715	Sugar Times
102716	Sugar Times
102717	Sugar Times
102718	Sugar Times
102719	Sugar Times
102720	Sugar Times
102721	Sugar Times
102722	Sugar Times
102723	Sugar Times
102724	Sugar Times
102725	Sugar Times
102726	Sugar Times
102727	Sugar Times
102728	Sugar Times
102729	Sugar Times
102730	Sugar Times
102731	Sugar Times
102732	Sugar Times
102734	Sugar Times
102735	Sugar Times
102736	Sugar Times
102737	Sugar Times
102738	Sugar Times
102739	Sugar Times
102740	Sugar Times
102741	Sugar Times
102742	Sugar Times
102743	Sugar Times
102744	Sugar Times
102745	Sugar Times
102746	Sugar Times
102747	Sugar Times
102748	Sugar Times
102749	Sugar Times
102750	Sugar Times
102752	Sugar Times
102753	Sugar Times
102754	Sugar Times
102763	Sugar Times
102765	Sugar Times
102766	Sugar Times
102767	Sugar Times
102768	Sugar Times
102769	Sugar Times
102772	Sugar Times
102773	Sugar Times
102774	Sugar Times
102775	Sugar Times
102776	Sugar Times
102777	Sugar Times
102778	Sugar Times
102779	Sugar Times
102780	Sugar Times
102781	Sugar Times
102782	Sugar Times
102783	Sugar Times
102784	Sugar Times
102785	Sugar Times
102786	Sugar Times
102787	Sugar Times
102789	Sugar Times
102790	Sugar Times
102791	Sugar Times
102792	Sugar Times
102793	Sugar Times
102794	Sugar Times
102795	Sugar Times
102796	Sugar Times
102797	Sugar Times
102798	Sugar Times
102799	Sugar Times
102800	Sugar Times
102801	Sugar Times
102802	Sugar Times
102803	Sugar Times
102804	Sugar Times
102806	Sugar Times
102807	Sugar Times
102808	Sugar Times
102809	Sugar Times
102811	Sugar Times
102815	Sugar Times
102818	Sugar Times
102823	Sugar Times
102824	Sugar Times
102825	Sugar Times
102827	Sugar Times
102832	Sugar Times
102835	Sugar Times
102836	Sugar Times
102837	Sugar Times
102838	Sugar Times
102839	Sugar Times
102840	Sugar Times
102841	Sugar Times
102842	Sugar Times
102843	Sugar Times
102844	Sugar Times
102845	Sugar Times
102846	Sugar Times
102848	Sugar Times
102849	Sugar Times
102850	Sugar Times
102851	Sugar Times
102852	Sugar Times
102853	Sugar Times
102854	Sugar Times
102855	Sugar Times
102856	Sugar Times
102857	Sugar Times
102858	Sugar Times
102859	Sugar Times
102861	Sugar Times
102868	Sugar Times
102869	Sugar Times
102870	Sugar Times
102871	Sugar Times
102872	Sugar Times
102873	Sugar Times
102874	Sugar Times
102875	Sugar Times
102876	Sugar Times
102877	Sugar Times
102878	Sugar Times
102879	Sugar Times
102880	Sugar Times
102881	Sugar Times
102882	Sugar Times
102883	Sugar Times
102884	Sugar Times
102885	Sugar Times
102886	Sugar Times
102887	Sugar Times
102888	Sugar Times
102889	Sugar Times
102891	Sugar Times
102892	Sugar Times
102893	Sugar Times
102894	Sugar Times
102895	Sugar Times
102896	Sugar Times
102897	Sugar Times
102898	Sugar Times
102899	Sugar Times
102900	Sugar Times
102901	Sugar Times
102903	Sugar Times
102906	Sugar Times
102907	Sugar Times
102913	Sugar Times
102914	Sugar Times
102915	Sugar Times
102916	Sugar Times
102917	Sugar Times
102918	Sugar Times
102919	Sugar Times
102920	Sugar Times
102921	Sugar Times
102922	Sugar Times
102923	Sugar Times
102924	Sugar Times
102925	Sugar Times
102926	Sugar Times
102927	Sugar Times
102928	Sugar Times
102930	Sugar Times
102931	Sugar Times
102932	Sugar Times
102933	Sugar Times
102934	Sugar Times
102935	Sugar Times
102936	Sugar Times
102937	Sugar Times
102938	Sugar Times
102939	Sugar Times
102940	Sugar Times
102942	Sugar Times
102943	Sugar Times
102944	Sugar Times
102945	Sugar Times
102946	Sugar Times
102947	Sugar Times
102948	Sugar Times
102949	Sugar Times
102950	Sugar Times
102951	Sugar Times
102952	Sugar Times
102953	Sugar Times
102954	Sugar Times
102955	Sugar Times
102956	Sugar Times
102957	Sugar Times
102958	Sugar Times
102959	Sugar Times
102960	Sugar Times
102961	Sugar Times
102963	Sugar Times
102964	Sugar Times
102965	Sugar Times
102966	Sugar Times
102967	Sugar Times
102968	Sugar Times
102969	Sugar Times
102970	Sugar Times
102971	Sugar Times
102973	Sugar Times
102974	Sugar Times
102975	Sugar Times
102979	Sugar Times
102984	Sugar Times
102985	Sugar Times
102986	Sugar Times
102987	Sugar Times
102988	Sugar Times
102989	Sugar Times
102990	Sugar Times
102991	Sugar Times
102992	Sugar Times
102993	Sugar Times
102994	Sugar Times
102996	Sugar Times
102997	Sugar Times
102998	Sugar Times
102999	Sugar Times
103000	Sugar Times
103002	Sugar Times
103003	Sugar Times
103004	Sugar Times
103005	Sugar Times
103006	Sugar Times
103007	Sugar Times
103008	Sugar Times
103009	Sugar Times
103010	Sugar Times
103011	Sugar Times
103012	Sugar Times
103015	Sugar Times
103016	Sugar Times
103017	Sugar Times
103018	Sugar Times
103019	Sugar Times
103020	Sugar Times
103021	Sugar Times
103022	Sugar Times
103023	Sugar Times
103024	Sugar Times
103025	Sugar Times
103026	Sugar Times
103027	Sugar Times
103028	Sugar Times
103029	Sugar Times
103030	Sugar Times
103031	Sugar Times
103032	Sugar Times
103033	Sugar Times
103034	Sugar Times
103036	Sugar Times
103037	Sugar Times
103038	Sugar Times
103039	Sugar Times
103040	Sugar Times
103041	Sugar Times
103042	Sugar Times
103043	Sugar Times
103044	Sugar Times
103045	Sugar Times
103046	Sugar Times
103047	Sugar Times
103053	Sugar Times
103054	Sugar Times
103057	Sugar Times
103058	Sugar Times
103059	Sugar Times
103060	Sugar Times
103061	Sugar Times
103062	Sugar Times
103063	Sugar Times
103064	Sugar Times
103065	Sugar Times
103066	Sugar Times
103067	Sugar Times
103068	Sugar Times
103069	Sugar Times
103070	Sugar Times
103071	Sugar Times
103072	Sugar Times
103073	Sugar Times
103074	Sugar Times
103075	Sugar Times
103076	Sugar Times
103078	Sugar Times
103079	Sugar Times
103080	Sugar Times
103081	Sugar Times
103082	Sugar Times
103083	Sugar Times
103084	Sugar Times
103085	Sugar Times
103086	Sugar Times
103099	Sugar Times
103101	Sugar Times
103102	Sugar Times
103103	Sugar Times
103104	Sugar Times
103105	Sugar Times
103106	Sugar Times
103107	Sugar Times
103108	Sugar Times
103110	Sugar Times
103111	Sugar Times
103112	Sugar Times
103113	Sugar Times
103114	Sugar Times
103115	Sugar Times
103116	Sugar Times
103117	Sugar Times
103118	Sugar Times
103119	Sugar Times
103120	Sugar Times
103121	Sugar Times
103122	Sugar Times
103123	Sugar Times
103125	Sugar Times
103126	Sugar Times
103127	Sugar Times
103128	Sugar Times
103129	Sugar Times
103130	Sugar Times
103131	Sugar Times
103132	Sugar Times
103133	Sugar Times
103134	Sugar Times
103135	Sugar Times
103136	Sugar Times
103138	Sugar Times
103139	Sugar Times
103140	Sugar Times
103141	Sugar Times
103148	Sugar Times
103149	Sugar Times
103150	Sugar Times
103151	Sugar Times
103152	Sugar Times
103153	Sugar Times
103154	Sugar Times
103155	Sugar Times
103156	Sugar Times
103157	Sugar Times
103158	Sugar Times
103159	Sugar Times
103160	Sugar Times
103161	Sugar Times
103162	Sugar Times
103163	Sugar Times
103165	Sugar Times
103166	Sugar Times
103167	Sugar Times
103168	Sugar Times
103169	Sugar Times
103170	Sugar Times
103171	Sugar Times
103172	Sugar Times
103173	Sugar Times
103174	Sugar Times
103175	Sugar Times
103177	Sugar Times
103179	Sugar Times
103180	Sugar Times
103181	Sugar Times
103182	Sugar Times
103183	Sugar Times
103184	Sugar Times
103185	Sugar Times
103188	Sugar Times
103189	Sugar Times
103190	Sugar Times
103191	Sugar Times
103192	Sugar Times
103193	Sugar Times
103194	Sugar Times
103195	Sugar Times
103196	Sugar Times
103197	Sugar Times
103198	Sugar Times
103199	Sugar Times
103200	Sugar Times
103201	Sugar Times
103202	Sugar Times
103203	Sugar Times
103205	Sugar Times
103206	Sugar Times
103207	Sugar Times
103208	Sugar Times
103209	Sugar Times
103210	Sugar Times
103211	Sugar Times
103212	Sugar Times
103213	Sugar Times
103214	Sugar Times
103215	Sugar Times
103217	Sugar Times
103218	Sugar Times
103219	Sugar Times
103220	Sugar Times
103221	Sugar Times
103222	Sugar Times
103223	Sugar Times
103224	Sugar Times
103225	Sugar Times
103226	Sugar Times
103227	Sugar Times
103228	Sugar Times
103229	Sugar Times
103230	Sugar Times
103231	Sugar Times
103232	Sugar Times
103233	Sugar Times
103234	Sugar Times
103235	Sugar Times
103236	Sugar Times
103237	Sugar Times
103238	Sugar Times
103239	Sugar Times
103241	Sugar Times
103242	Sugar Times
103243	Sugar Times
103244	Sugar Times
103245	Sugar Times
103246	Sugar Times
103247	Sugar Times
103248	Sugar Times
103249	Sugar Times
103250	Sugar Times
103251	Sugar Times
103252	Sugar Times
103253	Sugar Times
103255	Sugar Times
103256	Sugar Times
103257	Sugar Times
103258	Sugar Times
103259	Sugar Times
103269	Sugar Times
103270	Sugar Times
103271	Sugar Times
103272	Sugar Times
103273	Sugar Times
103274	Sugar Times
103275	Sugar Times
103276	Sugar Times
103277	Sugar Times
103278	Sugar Times
103279	Sugar Times
103280	Sugar Times
103281	Sugar Times
103282	Sugar Times
103283	Sugar Times
103284	Sugar Times
103286	Sugar Times
103287	Sugar Times
103288	Sugar Times
103289	Sugar Times
103290	Sugar Times
103291	Sugar Times
103292	Sugar Times
103293	Sugar Times
103294	Sugar Times
103295	Sugar Times
103296	Sugar Times
103297	Sugar Times
103298	Sugar Times
103300	Sugar Times
103301	Sugar Times
103302	Sugar Times
103303	Sugar Times
103304	Sugar Times
103305	Sugar Times
103306	Sugar Times
103307	Sugar Times
103308	Sugar Times
103309	Sugar Times
103310	Sugar Times
103311	Sugar Times
103312	Sugar Times
103313	Sugar Times
103314	Sugar Times
103315	Sugar Times
103316	Sugar Times
103317	Sugar Times
103318	Sugar Times
103319	Sugar Times
103320	Sugar Times
103321	Sugar Times
103322	Sugar Times
103324	Sugar Times
103325	Sugar Times
103326	Sugar Times
103327	Sugar Times
103328	Sugar Times
103329	Sugar Times
103330	Sugar Times
103331	Sugar Times
103332	Sugar Times
103333	Sugar Times
103334	Sugar Times
103336	Sugar Times
103337	Sugar Times
103338	Sugar Times
103339	Sugar Times
103340	Sugar Times
103341	Sugar Times
103342	Sugar Times
103343	Sugar Times
103344	Sugar Times
103345	Sugar Times
103346	Sugar Times
103347	Sugar Times
103348	Sugar Times
103349	Sugar Times
103350	Sugar Times
103351	Sugar Times
103352	Sugar Times
103353	Sugar Times
103354	Sugar Times
103355	Sugar Times
103356	Sugar Times
103357	Sugar Times
103358	Sugar Times
103360	Sugar Times
103361	Sugar Times
103362	Sugar Times
103363	Sugar Times
103364	Sugar Times
103365	Sugar Times
103366	Sugar Times
103367	Sugar Times
103368	Sugar Times
103369	Sugar Times
103380	Sugar Times
103381	Sugar Times
103382	Sugar Times
103384	Sugar Times
103385	Sugar Times
103386	Sugar Times
103387	Sugar Times
103388	Sugar Times
103389	Sugar Times
103390	Sugar Times
103391	Sugar Times
103392	Sugar Times
103393	Sugar Times
103394	Sugar Times
103395	Sugar Times
103396	Sugar Times
103397	Sugar Times
103398	Sugar Times
103399	Sugar Times
103400	Sugar Times
103401	Sugar Times
103402	Sugar Times
103403	Sugar Times
103404	Sugar Times
103406	Sugar Times
103407	Sugar Times
103408	Sugar Times
103409	Sugar Times
103410	Sugar Times
103411	Sugar Times
103412	Sugar Times
103413	Sugar Times
103414	Sugar Times
103415	Sugar Times
103416	Sugar Times
103417	Sugar Times
103418	Sugar Times
103420	Sugar Times
103421	Sugar Times
103422	Sugar Times
103423	Sugar Times
103424	Sugar Times
103427	Sugar Times
103428	Sugar Times
103431	Sugar Times
103433	Sugar Times
103434	Sugar Times
103437	Sugar Times
103438	Sugar Times
103439	Sugar Times
103440	Sugar Times
103441	Sugar Times
103442	Sugar Times
103443	Sugar Times
103444	Sugar Times
103445	Sugar Times
103446	Sugar Times
103447	Sugar Times
103448	Sugar Times
103449	Sugar Times
103451	Sugar Times
103452	Sugar Times
103453	Sugar Times
103454	Sugar Times
103455	Sugar Times
103456	Sugar Times
103457	Sugar Times
103459	Sugar Times
103460	Sugar Times
103461	Sugar Times
103462	Sugar Times
103464	Sugar Times
103465	Sugar Times
103466	Sugar Times
103467	Sugar Times
103468	Sugar Times
103469	Sugar Times
103470	Sugar Times
103471	Sugar Times
103472	Sugar Times
103473	Sugar Times
103474	Sugar Times
103475	Sugar Times
103476	Sugar Times
103477	Sugar Times
103478	Sugar Times
103479	Sugar Times
103480	Sugar Times
103481	Sugar Times
103482	Sugar Times
103483	Sugar Times
103484	Sugar Times
103485	Sugar Times
103486	Sugar Times
103488	Sugar Times
103489	Sugar Times
103490	Sugar Times
103491	Sugar Times
103492	Sugar Times
103493	Sugar Times
103494	Sugar Times
103495	Sugar Times
103496	Sugar Times
103497	Sugar Times
103499	Sugar Times
103500	Sugar Times
103501	Sugar Times
103503	Sugar Times
103504	Sugar Times
103505	Sugar Times
103506	Sugar Times
103507	Sugar Times
103508	Sugar Times
103509	Sugar Times
103510	Sugar Times
103511	Sugar Times
103512	Sugar Times
103513	Sugar Times
103514	Sugar Times
103515	Sugar Times
103516	Sugar Times
103517	Sugar Times
103518	Sugar Times
103519	Sugar Times
103520	Sugar Times
103521	Sugar Times
103522	Sugar Times
103523	Sugar Times
103524	Sugar Times
103526	Sugar Times
103527	Sugar Times
103528	Sugar Times
103529	Sugar Times
103530	Sugar Times
103531	Sugar Times
103532	Sugar Times
103533	Sugar Times
103534	Sugar Times
103535	Sugar Times
103536	Sugar Times
103537	Sugar Times
103548	Sugar Times
103553	Sugar Times
103554	Sugar Times
103555	Sugar Times
103556	Sugar Times
103557	Sugar Times
103558	Sugar Times
103559	Sugar Times
103560	Sugar Times
103561	Sugar Times
103562	Sugar Times
103563	Sugar Times
103564	Sugar Times
103565	Sugar Times
103566	Sugar Times
103567	Sugar Times
103568	Sugar Times
103569	Sugar Times
103570	Sugar Times
103571	Sugar Times
103572	Sugar Times
103573	Sugar Times
103574	Sugar Times
103575	Sugar Times
103577	Sugar Times
103578	Sugar Times
103579	Sugar Times
103580	Sugar Times
103581	Sugar Times
103582	Sugar Times
103583	Sugar Times
103584	Sugar Times
103585	Sugar Times
103586	Sugar Times
103587	Sugar Times
103589	Sugar Times
103593	Sugar Times
103596	Sugar Times
103597	Sugar Times
103598	Sugar Times
103599	Sugar Times
103600	Sugar Times
103601	Sugar Times
103602	Sugar Times
103603	Sugar Times
103604	Sugar Times
103605	Sugar Times
103606	Sugar Times
103607	Sugar Times
103608	Sugar Times
103609	Sugar Times
103610	Sugar Times
103611	Sugar Times
103612	Sugar Times
103613	Sugar Times
103614	Sugar Times
103615	Sugar Times
103616	Sugar Times
103618	Sugar Times
103619	Sugar Times
103620	Sugar Times
103621	Sugar Times
103622	Sugar Times
103623	Sugar Times
103624	Sugar Times
103625	Sugar Times
103626	Sugar Times
103627	Sugar Times
103628	Sugar Times
103629	Sugar Times
103630	Sugar Times
103632	Sugar Times
103633	Sugar Times
103634	Sugar Times
103635	Sugar Times
103636	Sugar Times
103637	Sugar Times
103638	Sugar Times
103639	Sugar Times
103640	Sugar Times
103641	Sugar Times
103642	Sugar Times
103643	Sugar Times
103644	Sugar Times
103645	Sugar Times
103646	Sugar Times
103647	Sugar Times
103648	Sugar Times
103649	Sugar Times
103650	Sugar Times
103651	Sugar Times
103652	Sugar Times
103654	Sugar Times
103655	Sugar Times
103656	Sugar Times
103657	Sugar Times
103658	Sugar Times
103659	Sugar Times
103660	Sugar Times
103661	Sugar Times
103662	Sugar Times
103663	Sugar Times
103664	Sugar Times
103665	Sugar Times
103666	Sugar Times
103668	Sugar Times
103669	Sugar Times
103670	Sugar Times
103671	Sugar Times
103672	Sugar Times
103679	Sugar Times
103680	Sugar Times
103681	Sugar Times
103682	Sugar Times
103683	Sugar Times
103684	Sugar Times
103685	Sugar Times
103686	Sugar Times
103687	Sugar Times
103688	Sugar Times
103689	Sugar Times
103690	Sugar Times
103691	Sugar Times
103692	Sugar Times
103693	Sugar Times
103694	Sugar Times
103695	Sugar Times
103696	Sugar Times
103698	Sugar Times
103699	Sugar Times
103700	Sugar Times
103701	Sugar Times
103702	Sugar Times
103703	Sugar Times
103704	Sugar Times
103705	Sugar Times
103706	Sugar Times
103707	Sugar Times
103708	Sugar Times
103710	Sugar Times
103711	Sugar Times
103712	Sugar Times
103713	Sugar Times
103714	Sugar Times
103715	Sugar Times
103716	Sugar Times
103717	Sugar Times
103718	Sugar Times
103719	Sugar Times
103720	Sugar Times
103721	Sugar Times
103722	Sugar Times
103723	Sugar Times
103724	Sugar Times
103725	Sugar Times
103726	Sugar Times
103727	Sugar Times
103728	Sugar Times
103729	Sugar Times
103730	Sugar Times
103731	Sugar Times
103732	Sugar Times
103734	Sugar Times
103735	Sugar Times
103736	Sugar Times
103737	Sugar Times
103738	Sugar Times
103739	Sugar Times
103740	Sugar Times
103741	Sugar Times
103742	Sugar Times
103743	Sugar Times
103744	Sugar Times
103751	Sugar Times
103753	Sugar Times
103754	Sugar Times
103755	Sugar Times
103756	Sugar Times
103757	Sugar Times
103758	Sugar Times
103759	Sugar Times
103760	Sugar Times
103761	Sugar Times
103762	Sugar Times
103763	Sugar Times
103764	Sugar Times
103765	Sugar Times
103766	Sugar Times
103767	Sugar Times
103768	Sugar Times
103769	Sugar Times
103770	Sugar Times
103771	Sugar Times
103773	Sugar Times
103774	Sugar Times
103775	Sugar Times
103776	Sugar Times
103777	Sugar Times
103778	Sugar Times
103779	Sugar Times
103780	Sugar Times
103781	Sugar Times
103782	Sugar Times
103783	Sugar Times
103784	Sugar Times
103786	Sugar Times
103787	Sugar Times
103788	Sugar Times
103789	Sugar Times
103790	Sugar Times
103791	Sugar Times
103792	Sugar Times
103793	Sugar Times
103794	Sugar Times
103795	Sugar Times
103796	Sugar Times
103797	Sugar Times
103798	Sugar Times
103799	Sugar Times
103800	Sugar Times
103801	Sugar Times
103802	Sugar Times
103803	Sugar Times
103804	Sugar Times
103805	Sugar Times
103806	Sugar Times
103808	Sugar Times
103809	Sugar Times
103810	Sugar Times
103811	Sugar Times
103812	Sugar Times
103813	Sugar Times
103814	Sugar Times
103815	Sugar Times
103816	Sugar Times
103823	Sugar Times
103825	Sugar Times
103826	Sugar Times
103827	Sugar Times
103828	Sugar Times
103829	Sugar Times
103830	Sugar Times
103831	Sugar Times
103832	Sugar Times
103833	Sugar Times
103834	Sugar Times
103835	Sugar Times
103836	Sugar Times
103837	Sugar Times
103838	Sugar Times
103839	Sugar Times
103840	Sugar Times
103841	Sugar Times
103842	Sugar Times
103843	Sugar Times
103844	Sugar Times
103845	Sugar Times
103846	Sugar Times
103847	Sugar Times
103849	Sugar Times
103850	Sugar Times
103851	Sugar Times
103852	Sugar Times
103853	Sugar Times
103854	Sugar Times
103855	Sugar Times
103856	Sugar Times
103857	Sugar Times
103876	Sugar Times
103877	Sugar Times
103878	Sugar Times
103880	Sugar Times
103881	Sugar Times
103882	Sugar Times
103883	Sugar Times
103884	Sugar Times
103885	Sugar Times
103886	Sugar Times
103887	Sugar Times
103888	Sugar Times
103889	Sugar Times
103890	Sugar Times
103891	Sugar Times
103892	Sugar Times
103893	Sugar Times
103894	Sugar Times
103895	Sugar Times
103896	Sugar Times
103897	Sugar Times
103898	Sugar Times
103899	Sugar Times
103901	Sugar Times
103902	Sugar Times
103903	Sugar Times
103904	Sugar Times
103905	Sugar Times
103906	Sugar Times
103907	Sugar Times
103908	Sugar Times
103909	Sugar Times
103910	Sugar Times
103911	Sugar Times
103913	Sugar Times
103918	Sugar Times
103921	Sugar Times
103922	Sugar Times
103923	Sugar Times
103924	Sugar Times
103925	Sugar Times
103926	Sugar Times
103927	Sugar Times
103928	Sugar Times
103929	Sugar Times
103930	Sugar Times
103931	Sugar Times
103932	Sugar Times
103933	Sugar Times
103934	Sugar Times
103935	Sugar Times
103936	Sugar Times
103937	Sugar Times
103938	Sugar Times
103939	Sugar Times
103940	Sugar Times
103941	Sugar Times
103942	Sugar Times
103943	Sugar Times
103945	Sugar Times
103946	Sugar Times
103947	Sugar Times
103948	Sugar Times
103950	Sugar Times
103951	Sugar Times
103952	Sugar Times
103953	Sugar Times
103954	Sugar Times
103955	Sugar Times
103956	Sugar Times
103957	Sugar Times
103958	Sugar Times
103959	Sugar Times
103961	Sugar Times
103962	Sugar Times
103963	Sugar Times
103964	Sugar Times
103966	Sugar Times
103967	Sugar Times
103968	Sugar Times
103970	Sugar Times
103971	Sugar Times
103972	Sugar Times
103973	Sugar Times
103974	Sugar Times
103975	Sugar Times
103976	Sugar Times
103977	Sugar Times
103978	Sugar Times
103980	Sugar Times
103981	Sugar Times
103982	Sugar Times
103984	Sugar Times
103985	Sugar Times
103986	Sugar Times
103987	Sugar Times
103989	Sugar Times
103990	Sugar Times
103992	Sugar Times
103994	Sugar Times
103995	Sugar Times
103996	Sugar Times
103997	Sugar Times
103998	Sugar Times
103999	Sugar Times
104000	Sugar Times
104001	Sugar Times
104002	Sugar Times
104003	Sugar Times
104004	Sugar Times
104005	Sugar Times
104007	Sugar Times
104008	Sugar Times
104009	Sugar Times
104010	Sugar Times
104012	Sugar Times
104013	Sugar Times
104014	Sugar Times
104015	Sugar Times
104016	Sugar Times
104017	Sugar Times
104018	Sugar Times
104019	Sugar Times
104020	Sugar Times
104021	Sugar Times
104022	Sugar Times
104023	Sugar Times
104024	Sugar Times
104025	Sugar Times
104026	Sugar Times
104028	Sugar Times
104029	Sugar Times
104030	Sugar Times
104031	Sugar Times
104033	Sugar Times
104034	Sugar Times
104036	Sugar Times
104038	Sugar Times
104039	Sugar Times
104040	Sugar Times
104041	Sugar Times
104042	Sugar Times
104044	Sugar Times
104047	Sugar Times
104048	Sugar Times
104049	Sugar Times
104051	Sugar Times
104052	Sugar Times
104053	Sugar Times
104054	Sugar Times
104055	Sugar Times
104057	Sugar Times
104058	Sugar Times
104060	Sugar Times
104061	Sugar Times
104062	Sugar Times
104063	Sugar Times
104065	Sugar Times
104066	Sugar Times
104067	Sugar Times
104068	Sugar Times
104069	Sugar Times
104070	Sugar Times
104072	Sugar Times
104073	Sugar Times
104075	Sugar Times
104076	Sugar Times
104077	Sugar Times
104079	Sugar Times
104080	Sugar Times
104081	Sugar Times
104082	Sugar Times
104084	Sugar Times
104085	Sugar Times
104086	Sugar Times
104087	Sugar Times
104090	Sugar Times
104091	Sugar Times
104092	Sugar Times
104094	Sugar Times
104095	Sugar Times
104096	Sugar Times
104097	Sugar Times
104099	Sugar Times
104100	Sugar Times
104101	Sugar Times
104103	Sugar Times
104104	Sugar Times
104105	Sugar Times
104106	Sugar Times
104107	Sugar Times
104109	Sugar Times
104110	Sugar Times
104111	Sugar Times
104112	Sugar Times
104113	Sugar Times
104114	Sugar Times
104115	Sugar Times
104116	Sugar Times
104117	Sugar Times
104118	Sugar Times
104120	Sugar Times
104121	Sugar Times
104122	Sugar Times
104123	Sugar Times
104125	Sugar Times
104126	Sugar Times
104127	Sugar Times
104128	Sugar Times
104129	Sugar Times
104130	Sugar Times
104131	Sugar Times
104132	Sugar Times
104133	Sugar Times
104134	Sugar Times
104135	Sugar Times
104137	Sugar Times
104138	Sugar Times
104139	Sugar Times
104140	Sugar Times
104142	Sugar Times
104143	Sugar Times
104144	Sugar Times
104145	Sugar Times
104146	Sugar Times
104147	Sugar Times
104149	Sugar Times
104150	Sugar Times
104151	Sugar Times
104152	Sugar Times
104153	Sugar Times
104154	Sugar Times
104155	Sugar Times
104156	Sugar Times
104157	Sugar Times
104158	Sugar Times
104159	Sugar Times
104161	Sugar Times
104162	Sugar Times
104163	Sugar Times
104166	Sugar Times
104167	Sugar Times
104168	Sugar Times
104169	Sugar Times
104170	Sugar Times
104171	Sugar Times
104172	Sugar Times
104173	Sugar Times
104174	Sugar Times
104175	Sugar Times
104179	Sugar Times
104181	Sugar Times
104183	Sugar Times
104184	Sugar Times
104186	Sugar Times
104187	Sugar Times
104189	Sugar Times
104190	Sugar Times
104191	Sugar Times
104194	Sugar Times
104196	Sugar Times
104197	Sugar Times
104198	Sugar Times
104199	Sugar Times
104200	Sugar Times
104202	Sugar Times
104203	Sugar Times
104205	Sugar Times
104208	Sugar Times
104209	Sugar Times
104212	Sugar Times
104213	Sugar Times
104216	Sugar Times
104219	Sugar Times
104220	Sugar Times
104221	Sugar Times
104223	Sugar Times
104224	Sugar Times
104225	Sugar Times
104226	Sugar Times
104228	Sugar Times
104229	Sugar Times
104230	Sugar Times
104231	Sugar Times
104233	Sugar Times
104234	Sugar Times
104236	Sugar Times
104237	Sugar Times
104239	Sugar Times
104240	Sugar Times
104242	Sugar Times
104243	Sugar Times
104244	Sugar Times
104245	Sugar Times
104246	Sugar Times
104248	Sugar Times
104249	Sugar Times
104251	Sugar Times
104252	Sugar Times
104253	Sugar Times
104254	Sugar Times
104256	Sugar Times
104257	Sugar Times
104258	Sugar Times
104259	Sugar Times
104260	Sugar Times
104262	Sugar Times
104263	Sugar Times
104267	Sugar Times
104268	Sugar Times
104269	Sugar Times
104270	Sugar Times
104272	Sugar Times
104273	Sugar Times
104274	Sugar Times
104275	Sugar Times
104277	Sugar Times
104278	Sugar Times
104279	Sugar Times
104280	Sugar Times
104281	Sugar Times
104282	Sugar Times
104283	Sugar Times
104285	Sugar Times
104286	Sugar Times
104287	Sugar Times
104288	Sugar Times
104289	Sugar Times
104290	Sugar Times
104291	Sugar Times
104292	Sugar Times
104293	Sugar Times
104295	Sugar Times
104298	Sugar Times
104299	Sugar Times
104300	Sugar Times
104301	Sugar Times
104303	Sugar Times
104304	Sugar Times
104305	Sugar Times
104306	Sugar Times
104307	Sugar Times
104308	Sugar Times
104309	Sugar Times
104310	Sugar Times
104312	Sugar Times
104313	Sugar Times
104315	Sugar Times
104317	Sugar Times
104318	Sugar Times
104319	Sugar Times
104320	Sugar Times
104322	Sugar Times
104323	Sugar Times
104324	Sugar Times
104325	Sugar Times
104326	Sugar Times
104327	Sugar Times
104328	Sugar Times
104330	Sugar Times
104331	Sugar Times
104333	Sugar Times
104334	Sugar Times
104335	Sugar Times
104336	Sugar Times
104337	Sugar Times
104338	Sugar Times
104340	Sugar Times
104341	Sugar Times
104343	Sugar Times
104345	Sugar Times
104346	Sugar Times
104347	Sugar Times
104348	Sugar Times
104350	Sugar Times
104351	Sugar Times
104352	Sugar Times
104353	Sugar Times
104354	Sugar Times
104355	Sugar Times
104357	Sugar Times
104358	Sugar Times
104359	Sugar Times
104361	Sugar Times
104362	Sugar Times
104363	Sugar Times
104364	Sugar Times
104366	Sugar Times
104367	Sugar Times
104368	Sugar Times
104369	Sugar Times
104371	Sugar Times
104374	Sugar Times
104375	Sugar Times
104377	Sugar Times
104378	Sugar Times
104379	Sugar Times
104380	Sugar Times
104381	Sugar Times
104382	Sugar Times
104383	Sugar Times
104384	Sugar Times
104386	Sugar Times
104387	Sugar Times
104389	Sugar Times
104390	Sugar Times
104391	Sugar Times
104392	Sugar Times
104394	Sugar Times
104395	Sugar Times
104396	Sugar Times
104397	Sugar Times
104398	Sugar Times
104399	Sugar Times
104400	Sugar Times
104401	Sugar Times
104402	Sugar Times
104403	Sugar Times
104404	Sugar Times
104405	Sugar Times
104407	Sugar Times
104408	Sugar Times
104409	Sugar Times
104410	Sugar Times
104412	Sugar Times
104413	Sugar Times
104414	Sugar Times
104416	Sugar Times
104417	Sugar Times
104419	Sugar Times
104420	Sugar Times
104421	Sugar Times
104422	Sugar Times
104423	Sugar Times
104424	Sugar Times
104425	Sugar Times
104426	Sugar Times
104427	Sugar Times
104428	Sugar Times
104429	Sugar Times
104430	Sugar Times
104431	Sugar Times
104433	Sugar Times
104434	Sugar Times
104435	Sugar Times
104436	Sugar Times
104438	Sugar Times
104439	Sugar Times
104440	Sugar Times
104441	Sugar Times
104442	Sugar Times
104443	Sugar Times
104444	Sugar Times
104445	Sugar Times
104446	Sugar Times
104447	Sugar Times
104448	Sugar Times
104449	Sugar Times
104451	Sugar Times
104452	Sugar Times
104453	Sugar Times
104454	Sugar Times
104456	Sugar Times
104457	Sugar Times
104458	Sugar Times
104459	Sugar Times
104460	Sugar Times
104461	Sugar Times
104462	Sugar Times
104463	Sugar Times
104464	Sugar Times
104465	Sugar Times
104466	Sugar Times
104467	Sugar Times
104468	Sugar Times
104469	Sugar Times
104470	Sugar Times
104471	Sugar Times
104472	Sugar Times
104474	Sugar Times
104475	Sugar Times
104476	Sugar Times
104477	Sugar Times
104479	Sugar Times
104480	Sugar Times
104481	Sugar Times
104482	Sugar Times
104484	Sugar Times
104485	Sugar Times
104486	Sugar Times
104487	Sugar Times
104488	Sugar Times
104489	Sugar Times
104490	Sugar Times
104491	Sugar Times
104492	Sugar Times
104493	Sugar Times
104495	Sugar Times
104496	Sugar Times
104497	Sugar Times
104498	Sugar Times
104501	Sugar Times
104502	Sugar Times
104503	Sugar Times
104504	Sugar Times
104505	Sugar Times
104506	Sugar Times
104507	Sugar Times
104508	Sugar Times
104509	Sugar Times
104510	Sugar Times
104511	Sugar Times
104512	Sugar Times
104513	Sugar Times
104514	Sugar Times
104515	Sugar Times
104516	Sugar Times
104517	Sugar Times
104518	Sugar Times
104520	Sugar Times
104521	Sugar Times
104523	Sugar Times
104524	Sugar Times
104525	Sugar Times
104526	Sugar Times
104528	Sugar Times
104529	Sugar Times
104530	Sugar Times
104531	Sugar Times
104532	Sugar Times
104533	Sugar Times
104535	Sugar Times
104536	Sugar Times
104537	Sugar Times
104538	Sugar Times
104541	Sugar Times
104542	Sugar Times
104543	Sugar Times
104544	Sugar Times
104546	Sugar Times
104547	Sugar Times
104548	Sugar Times
104549	Sugar Times
104551	Sugar Times
104553	Sugar Times
104554	Sugar Times
104556	Sugar Times
104557	Sugar Times
104558	Sugar Times
104559	Sugar Times
104560	Sugar Times
104561	Sugar Times
104562	Sugar Times
104563	Sugar Times
104564	Sugar Times
104565	Sugar Times
104567	Sugar Times
104569	Sugar Times
104570	Sugar Times
104572	Sugar Times
104573	Sugar Times
104575	Sugar Times
104577	Sugar Times
104578	Sugar Times
104579	Sugar Times
104581	Sugar Times
104583	Sugar Times
104584	Sugar Times
104586	Sugar Times
104587	Sugar Times
104588	Sugar Times
104589	Sugar Times
104591	Sugar Times
104592	Sugar Times
104593	Sugar Times
104594	Sugar Times
104596	Sugar Times
104597	Sugar Times
104598	Sugar Times
104599	Sugar Times
104600	Sugar Times
104601	Sugar Times
104602	Sugar Times
104603	Sugar Times
104604	Sugar Times
104605	Sugar Times
104606	Sugar Times
104607	Sugar Times
104609	Sugar Times
104611	Sugar Times
104612	Sugar Times
104614	Sugar Times
104615	Sugar Times
104616	Sugar Times
104617	Sugar Times
104619	Sugar Times
104620	Sugar Times
104621	Sugar Times
104622	Sugar Times
104623	Sugar Times
104624	Sugar Times
104630	Sugar Times
104631	Sugar Times
104633	Sugar Times
104634	Sugar Times
104635	Sugar Times
104636	Sugar Times
104638	Sugar Times
104639	Sugar Times
104640	Sugar Times
104641	Sugar Times
104643	Sugar Times
104644	Sugar Times
104645	Sugar Times
104646	Sugar Times
104648	Sugar Times
104649	Sugar Times
104650	Sugar Times
104651	Sugar Times
104652	Sugar Times
104655	Sugar Times
104657	Sugar Times
104658	Sugar Times
104659	Sugar Times
104660	Sugar Times
104662	Sugar Times
104663	Sugar Times
104664	Sugar Times
104674	Sugar Times
104678	Sugar Times
104679	Sugar Times
104680	Sugar Times
104681	Sugar Times
104684	Sugar Times
104685	Sugar Times
104686	Sugar Times
104688	Sugar Times
104689	Sugar Times
104690	Sugar Times
104691	Sugar Times
104693	Sugar Times
104694	Sugar Times
104695	Sugar Times
104698	Sugar Times
104700	Sugar Times
104701	Sugar Times
104702	Sugar Times
104703	Sugar Times
104705	Sugar Times
104707	Sugar Times
104708	Sugar Times
104709	Sugar Times
104710	Sugar Times
104712	Sugar Times
104714	Sugar Times
104715	Sugar Times
104716	Sugar Times
104717	Sugar Times
104720	Sugar Times
104721	Sugar Times
104722	Sugar Times
104724	Sugar Times
104726	Sugar Times
104727	Sugar Times
104729	Sugar Times
104730	Sugar Times
104731	Sugar Times
104732	Sugar Times
104734	Sugar Times
104735	Sugar Times
104736	Sugar Times
104738	Sugar Times
104739	Sugar Times
104740	Sugar Times
104741	Sugar Times
104743	Sugar Times
104744	Sugar Times
104745	Sugar Times
104746	Sugar Times
104747	Sugar Times
104748	Sugar Times
104751	Sugar Times
104752	Sugar Times
104753	Sugar Times
104755	Sugar Times
104756	Sugar Times
104757	Sugar Times
104758	Sugar Times
104760	Sugar Times
104761	Sugar Times
104762	Sugar Times
104763	Sugar Times
104765	Sugar Times
104768	Sugar Times
104769	Sugar Times
104770	Sugar Times
104771	Sugar Times
104772	Sugar Times
104774	Sugar Times
104777	Sugar Times
104778	Sugar Times
104779	Sugar Times
104780	Sugar Times
104782	Sugar Times
104783	Sugar Times
104784	Sugar Times
104785	Sugar Times
104786	Sugar Times
104788	Sugar Times
104799	Sugar Times
104807	Sugar Times
104809	Sugar Times
104811	Sugar Times
104812	Sugar Times
104813	Sugar Times
104814	Sugar Times
104815	Sugar Times
104818	Sugar Times
104819	Sugar Times
104821	Sugar Times
104822	Sugar Times
104823	Sugar Times
104826	Sugar Times
104827	Sugar Times
104828	Sugar Times
104829	Sugar Times
104830	Sugar Times
104831	Sugar Times
104834	Sugar Times
104835	Sugar Times
104836	Sugar Times
104838	Sugar Times
104840	Sugar Times
104841	Sugar Times
104842	Sugar Times
104843	Sugar Times
104844	Sugar Times
104867	Sugar Times
104869	Sugar Times
104870	Sugar Times
104871	Sugar Times
104872	Sugar Times
104873	Sugar Times
104875	Sugar Times
104877	Sugar Times
104879	Sugar Times
104880	Sugar Times
104881	Sugar Times
104882	Sugar Times
104883	Sugar Times
104884	Sugar Times
104885	Sugar Times
104886	Sugar Times
104887	Sugar Times
104889	Sugar Times
104891	Sugar Times
104893	Sugar Times
104895	Sugar Times
104896	Sugar Times
104898	Sugar Times
104899	Sugar Times
104900	Sugar Times
104901	Sugar Times
104903	Sugar Times
104905	Sugar Times
104906	Sugar Times
104907	Sugar Times
104908	Sugar Times
104909	Sugar Times
104911	Sugar Times
104912	Sugar Times
104913	Sugar Times
104914	Sugar Times
104915	Sugar Times
104916	Sugar Times
104917	Sugar Times
104918	Sugar Times
104920	Sugar Times
104922	Sugar Times
104923	Sugar Times
104924	Sugar Times
104925	Sugar Times
104927	Sugar Times
104929	Sugar Times
104930	Sugar Times
104931	Sugar Times
104932	Sugar Times
104934	Sugar Times
104935	Sugar Times
104936	Sugar Times
104937	Sugar Times
104938	Sugar Times
104939	Sugar Times
104941	Sugar Times
104943	Sugar Times
104944	Sugar Times
104945	Sugar Times
104946	Sugar Times
104949	Sugar Times
104950	Sugar Times
104951	Sugar Times
104953	Sugar Times
104954	Sugar Times
104955	Sugar Times
104956	Sugar Times
104958	Sugar Times
104959	Sugar Times
104960	Sugar Times
104961	Sugar Times
104963	Sugar Times
104965	Sugar Times
104966	Sugar Times
104967	Sugar Times
104968	Sugar Times
104970	Sugar Times
104972	Sugar Times
104973	Sugar Times
104974	Sugar Times
104976	Sugar Times
104999	Sugar Times
105001	Sugar Times
105002	Sugar Times
105003	Sugar Times
105004	Sugar Times
105005	Sugar Times
105007	Sugar Times
105008	Sugar Times
105009	Sugar Times
105011	Sugar Times
105012	Sugar Times
105013	Sugar Times
105014	Sugar Times
105016	Sugar Times
105017	Sugar Times
105018	Sugar Times
105019	Sugar Times
105020	Sugar Times
105021	Sugar Times
105023	Sugar Times
105025	Sugar Times
105026	Sugar Times
105027	Sugar Times
105028	Sugar Times
105030	Sugar Times
105031	Sugar Times
105032	Sugar Times
105033	Sugar Times
105034	Sugar Times
105035	Sugar Times
105037	Sugar Times
105038	Sugar Times
105039	Sugar Times
105040	Sugar Times
105041	Sugar Times
105043	Sugar Times
105045	Sugar Times
105047	Sugar Times
105048	Sugar Times
105049	Sugar Times
105050	Sugar Times
105052	Sugar Times
105054	Sugar Times
105055	Sugar Times
105057	Sugar Times
105058	Sugar Times
105059	Sugar Times
105060	Sugar Times
105061	Sugar Times
105063	Sugar Times
105064	Sugar Times
105065	Sugar Times
105066	Sugar Times
105068	Sugar Times
105069	Sugar Times
105070	Sugar Times
105071	Sugar Times
105072	Sugar Times
105073	Sugar Times
105075	Sugar Times
105077	Sugar Times
105078	Sugar Times
105079	Sugar Times
105080	Sugar Times
105081	Sugar Times
105083	Sugar Times
105084	Sugar Times
105085	Sugar Times
105087	Sugar Times
105088	Sugar Times
105089	Sugar Times
105090	Sugar Times
105092	Sugar Times
105093	Sugar Times
105094	Sugar Times
105095	Sugar Times
105097	Sugar Times
105099	Sugar Times
105100	Sugar Times
105101	Sugar Times
105102	Sugar Times
105104	Sugar Times
105106	Sugar Times
105107	Sugar Times
105108	Sugar Times
105109	Sugar Times
105131	Sugar Times
105133	Sugar Times
105134	Sugar Times
105135	Sugar Times
105136	Sugar Times
105137	Sugar Times
105143	Sugar Times
105144	Sugar Times
105145	Sugar Times
105146	Sugar Times
105147	Sugar Times
105148	Sugar Times
105149	Sugar Times
105150	Sugar Times
105151	Sugar Times
105155	Sugar Times
105157	Sugar Times
105158	Sugar Times
105159	Sugar Times
105160	Sugar Times
105162	Sugar Times
105163	Sugar Times
105164	Sugar Times
105165	Sugar Times
105166	Sugar Times
105288	Sugar Times
105289	Sugar Times
105290	Sugar Times
105291	Sugar Times
105294	Sugar Times
105295	Sugar Times
105296	Sugar Times
105298	Sugar Times
105299	Sugar Times
105300	Sugar Times
105301	Sugar Times
105303	Sugar Times
105305	Sugar Times
105306	Sugar Times
105307	Sugar Times
105308	Sugar Times
105309	Sugar Times
105312	Sugar Times
105313	Sugar Times
105314	Sugar Times
105315	Sugar Times
105317	Sugar Times
105318	Sugar Times
105319	Sugar Times
105320	Sugar Times
105321	Sugar Times
105324	Sugar Times
105325	Sugar Times
105327	Sugar Times
105330	Sugar Times
105331	Sugar Times
105332	Sugar Times
105333	Sugar Times
105334	Sugar Times
105336	Sugar Times
105337	Sugar Times
105338	Sugar Times
105340	Sugar Times
105341	Sugar Times
105342	Sugar Times
105345	Sugar Times
105346	Sugar Times
105347	Sugar Times
105348	Sugar Times
105349	Sugar Times
105350	Sugar Times
105352	Sugar Times
105354	Sugar Times
105357	Sugar Times
105359	Sugar Times
105360	Sugar Times
105361	Sugar Times
105362	Sugar Times
105364	Sugar Times
105369	Sugar Times
105372	Sugar Times
105374	Sugar Times
105375	Sugar Times
105376	Sugar Times
105378	Sugar Times
105379	Sugar Times
105380	Sugar Times
105387	Sugar Times
105388	Sugar Times
105389	Sugar Times
105390	Sugar Times
105391	Sugar Times
105392	Sugar Times
105393	Sugar Times
105394	Sugar Times
105395	Sugar Times
105396	Sugar Times
105398	Sugar Times
105399	Sugar Times
105403	Sugar Times
105404	Sugar Times
105405	Sugar Times
105406	Sugar Times
105408	Sugar Times
105409	Sugar Times
105410	Sugar Times
105411	Sugar Times
105412	Sugar Times
105425	Sugar Times
105429	Sugar Times
105430	Sugar Times
105431	Sugar Times
105433	Sugar Times
105434	Sugar Times
105435	Sugar Times
105437	Sugar Times
105439	Sugar Times
105440	Sugar Times
105441	Sugar Times
105442	Sugar Times
105444	Sugar Times
105445	Sugar Times
105446	Sugar Times
105447	Sugar Times
105448	Sugar Times
105449	Sugar Times
105451	Sugar Times
105452	Sugar Times
105453	Sugar Times
105454	Sugar Times
105456	Sugar Times
105458	Sugar Times
105459	Sugar Times
105461	Sugar Times
105463	Sugar Times
105465	Sugar Times
105466	Sugar Times
105467	Sugar Times
105468	Sugar Times
105469	Sugar Times
105472	Sugar Times
105473	Sugar Times
105476	Sugar Times
105482	Sugar Times
105483	Sugar Times
105484	Sugar Times
105485	Sugar Times
105486	Sugar Times
105607	Sugar Times
105608	Sugar Times
105609	Sugar Times
105610	Sugar Times
105611	Sugar Times
105612	Sugar Times
105614	Sugar Times
105615	Sugar Times
105616	Sugar Times
105617	Sugar Times
105618	Sugar Times
105619	Sugar Times
105620	Sugar Times
105621	Sugar Times
105622	Sugar Times
105623	Sugar Times
105624	Sugar Times
105625	Sugar Times
105626	Sugar Times
105628	Sugar Times
105629	Sugar Times
105630	Sugar Times
105631	Sugar Times
105632	Sugar Times
105633	Sugar Times
105634	Sugar Times
105635	Sugar Times
105636	Sugar Times
105637	Sugar Times
105638	Sugar Times
105639	Sugar Times
105640	Sugar Times
105641	Sugar Times
105642	Sugar Times
105643	Sugar Times
105644	Sugar Times
105645	Sugar Times
105646	Sugar Times
105647	Sugar Times
105648	Sugar Times
105649	Sugar Times
105650	Sugar Times
105652	Sugar Times
105653	Sugar Times
105654	Sugar Times
105655	Sugar Times
105656	Sugar Times
105657	Sugar Times
105658	Sugar Times
105659	Sugar Times
105660	Sugar Times
105661	Sugar Times
105679	Sugar Times
105681	Sugar Times
105682	Sugar Times
105683	Sugar Times
105684	Sugar Times
105685	Sugar Times
105686	Sugar Times
105687	Sugar Times
105688	Sugar Times
105689	Sugar Times
105690	Sugar Times
105691	Sugar Times
105692	Sugar Times
105693	Sugar Times
105694	Sugar Times
105695	Sugar Times
105696	Sugar Times
105697	Sugar Times
105698	Sugar Times
105699	Sugar Times
105700	Sugar Times
105701	Sugar Times
105702	Sugar Times
105703	Sugar Times
105705	Sugar Times
105706	Sugar Times
105707	Sugar Times
105708	Sugar Times
105709	Sugar Times
105710	Sugar Times
105711	Sugar Times
105712	Sugar Times
105713	Sugar Times
105714	Sugar Times
105729	Sugar Times
105730	Sugar Times
105731	Sugar Times
105733	Sugar Times
105734	Sugar Times
105735	Sugar Times
105736	Sugar Times
105737	Sugar Times
105738	Sugar Times
105739	Sugar Times
105740	Sugar Times
105741	Sugar Times
105742	Sugar Times
105743	Sugar Times
105744	Sugar Times
105745	Sugar Times
105746	Sugar Times
105747	Sugar Times
105748	Sugar Times
105749	Sugar Times
105750	Sugar Times
105751	Sugar Times
105752	Sugar Times
105753	Sugar Times
105755	Sugar Times
105756	Sugar Times
105757	Sugar Times
105758	Sugar Times
105759	Sugar Times
105760	Sugar Times
105761	Sugar Times
105762	Sugar Times
105763	Sugar Times
105764	Sugar Times
105765	Sugar Times
105766	Sugar Times
105774	Sugar Times
105776	Sugar Times
105777	Sugar Times
105778	Sugar Times
105779	Sugar Times
105780	Sugar Times
105781	Sugar Times
105782	Sugar Times
105783	Sugar Times
105784	Sugar Times
105785	Sugar Times
105786	Sugar Times
105787	Sugar Times
105788	Sugar Times
105789	Sugar Times
105790	Sugar Times
105791	Sugar Times
105792	Sugar Times
105793	Sugar Times
105794	Sugar Times
105795	Sugar Times
105796	Sugar Times
105797	Sugar Times
105798	Sugar Times
105799	Sugar Times
105800	Sugar Times
105802	Sugar Times
105803	Sugar Times
105804	Sugar Times
105805	Sugar Times
105806	Sugar Times
105807	Sugar Times
105808	Sugar Times
105809	Sugar Times
105810	Sugar Times
105811	Sugar Times
105812	Sugar Times
105816	Sugar Times
105818	Sugar Times
105819	Sugar Times
105820	Sugar Times
105821	Sugar Times
105822	Sugar Times
105823	Sugar Times
105824	Sugar Times
105825	Sugar Times
105826	Sugar Times
105827	Sugar Times
105828	Sugar Times
105829	Sugar Times
105830	Sugar Times
105831	Sugar Times
105832	Sugar Times
105833	Sugar Times
105834	Sugar Times
105835	Sugar Times
105836	Sugar Times
105837	Sugar Times
105839	Sugar Times
105840	Sugar Times
105841	Sugar Times
105842	Sugar Times
105843	Sugar Times
105844	Sugar Times
105845	Sugar Times
105846	Sugar Times
105847	Sugar Times
105857	Sugar Times
105858	Sugar Times
105859	Sugar Times
105861	Sugar Times
105862	Sugar Times
105863	Sugar Times
105864	Sugar Times
105865	Sugar Times
105866	Sugar Times
105867	Sugar Times
105868	Sugar Times
105869	Sugar Times
105870	Sugar Times
105871	Sugar Times
105872	Sugar Times
105873	Sugar Times
105874	Sugar Times
105875	Sugar Times
105876	Sugar Times
105877	Sugar Times
105878	Sugar Times
105879	Sugar Times
105881	Sugar Times
105882	Sugar Times
105883	Sugar Times
105884	Sugar Times
105885	Sugar Times
105886	Sugar Times
105887	Sugar Times
105888	Sugar Times
105889	Sugar Times
105890	Sugar Times
105891	Sugar Times
105892	Sugar Times
105894	Sugar Times
105895	Sugar Times
105896	Sugar Times
105897	Sugar Times
105898	Sugar Times
105899	Sugar Times
105900	Sugar Times
105901	Sugar Times
105902	Sugar Times
105903	Sugar Times
105904	Sugar Times
105905	Sugar Times
105906	Sugar Times
105907	Sugar Times
105908	Sugar Times
105909	Sugar Times
105910	Sugar Times
105911	Sugar Times
105912	Sugar Times
105913	Sugar Times
105914	Sugar Times
105916	Sugar Times
105917	Sugar Times
105918	Sugar Times
105919	Sugar Times
105920	Sugar Times
105921	Sugar Times
105922	Sugar Times
105923	Sugar Times
105924	Sugar Times
105946	Sugar Times
105948	Sugar Times
105949	Sugar Times
105950	Sugar Times
105951	Sugar Times
105952	Sugar Times
105953	Sugar Times
105954	Sugar Times
105955	Sugar Times
105956	Sugar Times
105957	Sugar Times
105958	Sugar Times
105959	Sugar Times
105960	Sugar Times
105961	Sugar Times
105962	Sugar Times
105963	Sugar Times
105964	Sugar Times
105965	Sugar Times
105966	Sugar Times
105967	Sugar Times
105968	Sugar Times
105970	Sugar Times
105971	Sugar Times
105972	Sugar Times
105973	Sugar Times
105974	Sugar Times
105975	Sugar Times
105976	Sugar Times
105977	Sugar Times
105978	Sugar Times
105979	Sugar Times
105980	Sugar Times
105981	Sugar Times
105983	Sugar Times
105984	Sugar Times
105985	Sugar Times
105986	Sugar Times
105987	Sugar Times
105988	Sugar Times
105989	Sugar Times
105990	Sugar Times
105991	Sugar Times
105992	Sugar Times
105993	Sugar Times
105994	Sugar Times
105995	Sugar Times
105996	Sugar Times
105997	Sugar Times
105998	Sugar Times
105999	Sugar Times
106000	Sugar Times
106001	Sugar Times
106002	Sugar Times
106004	Sugar Times
106005	Sugar Times
106006	Sugar Times
106007	Sugar Times
106008	Sugar Times
106009	Sugar Times
106010	Sugar Times
106011	Sugar Times
106012	Sugar Times
106013	Sugar Times
106014	Sugar Times
106015	Sugar Times
106017	Sugar Times
106018	Sugar Times
106019	Sugar Times
106020	Sugar Times
106021	Sugar Times
106022	Sugar Times
106023	Sugar Times
106024	Sugar Times
106025	Sugar Times
106026	Sugar Times
106027	Sugar Times
106028	Sugar Times
106029	Sugar Times
106030	Sugar Times
106031	Sugar Times
106032	Sugar Times
106033	Sugar Times
106034	Sugar Times
106035	Sugar Times
106036	Sugar Times
106037	Sugar Times
106039	Sugar Times
106040	Sugar Times
106041	Sugar Times
106042	Sugar Times
106043	Sugar Times
106044	Sugar Times
106045	Sugar Times
106046	Sugar Times
106047	Sugar Times
106048	Sugar Times
106050	Sugar Times
106051	Sugar Times
106052	Sugar Times
106053	Sugar Times
106054	Sugar Times
106055	Sugar Times
106056	Sugar Times
106057	Sugar Times
106058	Sugar Times
106059	Sugar Times
106060	Sugar Times
106061	Sugar Times
106062	Sugar Times
106063	Sugar Times
106064	Sugar Times
106065	Sugar Times
106066	Sugar Times
106067	Sugar Times
106068	Sugar Times
106069	Sugar Times
106070	Sugar Times
106072	Sugar Times
106073	Sugar Times
106074	Sugar Times
106075	Sugar Times
106076	Sugar Times
106077	Sugar Times
106078	Sugar Times
106079	Sugar Times
106080	Sugar Times
106081	Sugar Times
106082	Sugar Times
106083	Sugar Times
106085	Sugar Times
106086	Sugar Times
106087	Sugar Times
106088	Sugar Times
106089	Sugar Times
106090	Sugar Times
106091	Sugar Times
106092	Sugar Times
106093	Sugar Times
106094	Sugar Times
106095	Sugar Times
106096	Sugar Times
106097	Sugar Times
106098	Sugar Times
106099	Sugar Times
106100	Sugar Times
106101	Sugar Times
106102	Sugar Times
106103	Sugar Times
106105	Sugar Times
106106	Sugar Times
106107	Sugar Times
106108	Sugar Times
106109	Sugar Times
106110	Sugar Times
106111	Sugar Times
106112	Sugar Times
106113	Sugar Times
106114	Sugar Times
106115	Sugar Times
106116	Sugar Times
106117	Sugar Times
106119	Sugar Times
106120	Sugar Times
106121	Sugar Times
106122	Sugar Times
106123	Sugar Times
106124	Sugar Times
106125	Sugar Times
106126	Sugar Times
106127	Sugar Times
106128	Sugar Times
106129	Sugar Times
106130	Sugar Times
106131	Sugar Times
106132	Sugar Times
106133	Sugar Times
106134	Sugar Times
106135	Sugar Times
106136	Sugar Times
106137	Sugar Times
106138	Sugar Times
106139	Sugar Times
106141	Sugar Times
106142	Sugar Times
106143	Sugar Times
106144	Sugar Times
106145	Sugar Times
106146	Sugar Times
106147	Sugar Times
106148	Sugar Times
106149	Sugar Times
106150	Sugar Times
106152	Sugar Times
106153	Sugar Times
106154	Sugar Times
106155	Sugar Times
106156	Sugar Times
106157	Sugar Times
106158	Sugar Times
106159	Sugar Times
106160	Sugar Times
106161	Sugar Times
106162	Sugar Times
106163	Sugar Times
106164	Sugar Times
106165	Sugar Times
106166	Sugar Times
106167	Sugar Times
106168	Sugar Times
106169	Sugar Times
106170	Sugar Times
106171	Sugar Times
106172	Sugar Times
106173	Sugar Times
106174	Sugar Times
106176	Sugar Times
106177	Sugar Times
106178	Sugar Times
106179	Sugar Times
106180	Sugar Times
106181	Sugar Times
106182	Sugar Times
106183	Sugar Times
106184	Sugar Times
106185	Sugar Times
106186	Sugar Times
106187	Sugar Times
106189	Sugar Times
106190	Sugar Times
106191	Sugar Times
106192	Sugar Times
106193	Sugar Times
106194	Sugar Times
106195	Sugar Times
106196	Sugar Times
106197	Sugar Times
106198	Sugar Times
106199	Sugar Times
106200	Sugar Times
106201	Sugar Times
106202	Sugar Times
106203	Sugar Times
106204	Sugar Times
106205	Sugar Times
106206	Sugar Times
106207	Sugar Times
106209	Sugar Times
106210	Sugar Times
106211	Sugar Times
106212	Sugar Times
106213	Sugar Times
106217	Sugar Times
106218	Sugar Times
106219	Sugar Times
106220	Sugar Times
106221	Sugar Times
106222	Sugar Times
106223	Sugar Times
106224	Sugar Times
106226	Sugar Times
106227	Sugar Times
106228	Sugar Times
106229	Sugar Times
106230	Sugar Times
106231	Sugar Times
106232	Sugar Times
106233	Sugar Times
106234	Sugar Times
106235	Sugar Times
106236	Sugar Times
106237	Sugar Times
106238	Sugar Times
106239	Sugar Times
106240	Sugar Times
106241	Sugar Times
106242	Sugar Times
106243	Sugar Times
106244	Sugar Times
106245	Sugar Times
106246	Sugar Times
106247	Sugar Times
106249	Sugar Times
106250	Sugar Times
106251	Sugar Times
106252	Sugar Times
106253	Sugar Times
106254	Sugar Times
106255	Sugar Times
106256	Sugar Times
106257	Sugar Times
106258	Sugar Times
106260	Sugar Times
106261	Sugar Times
106262	Sugar Times
106263	Sugar Times
106264	Sugar Times
106265	Sugar Times
106266	Sugar Times
106267	Sugar Times
106268	Sugar Times
106269	Sugar Times
106270	Sugar Times
106271	Sugar Times
106272	Sugar Times
106273	Sugar Times
106274	Sugar Times
106275	Sugar Times
106276	Sugar Times
106277	Sugar Times
106278	Sugar Times
106279	Sugar Times
106280	Sugar Times
106282	Sugar Times
106283	Sugar Times
106284	Sugar Times
106285	Sugar Times
106286	Sugar Times
106288	Sugar Times
106289	Sugar Times
106290	Sugar Times
106291	Sugar Times
106292	Sugar Times
106293	Sugar Times
106294	Sugar Times
106296	Sugar Times
106297	Sugar Times
106298	Sugar Times
106299	Sugar Times
106300	Sugar Times
106301	Sugar Times
106302	Sugar Times
106303	Sugar Times
106304	Sugar Times
106305	Sugar Times
106306	Sugar Times
106307	Sugar Times
106308	Sugar Times
106309	Sugar Times
106310	Sugar Times
106311	Sugar Times
106312	Sugar Times
106313	Sugar Times
106314	Sugar Times
106316	Sugar Times
106317	Sugar Times
106318	Sugar Times
106319	Sugar Times
106320	Sugar Times
106321	Sugar Times
106322	Sugar Times
106329	Sugar Times
106330	Sugar Times
106331	Sugar Times
106332	Sugar Times
106359	Sugar Times
106361	Sugar Times
106362	Sugar Times
106363	Sugar Times
106364	Sugar Times
106365	Sugar Times
106366	Sugar Times
106367	Sugar Times
106368	Sugar Times
106369	Sugar Times
106370	Sugar Times
106371	Sugar Times
106372	Sugar Times
106373	Sugar Times
106374	Sugar Times
106375	Sugar Times
106376	Sugar Times
106377	Sugar Times
106378	Sugar Times
106379	Sugar Times
106380	Sugar Times
106381	Sugar Times
106383	Sugar Times
106384	Sugar Times
106385	Sugar Times
106386	Sugar Times
106387	Sugar Times
106389	Sugar Times
106390	Sugar Times
106391	Sugar Times
106392	Sugar Times
106429	Sugar Times
106431	Sugar Times
106432	Sugar Times
106433	Sugar Times
106434	Sugar Times
106435	Sugar Times
106436	Sugar Times
106437	Sugar Times
106438	Sugar Times
106439	Sugar Times
106440	Sugar Times
106441	Sugar Times
106442	Sugar Times
106443	Sugar Times
106444	Sugar Times
106445	Sugar Times
106446	Sugar Times
106447	Sugar Times
106448	Sugar Times
106449	Sugar Times
106450	Sugar Times
106451	Sugar Times
106453	Sugar Times
106454	Sugar Times
106455	Sugar Times
106456	Sugar Times
106457	Sugar Times
106458	Sugar Times
106459	Sugar Times
106460	Sugar Times
106461	Sugar Times
106462	Sugar Times
106463	Sugar Times
106464	Sugar Times
106465	Sugar Times
106467	Sugar Times
106468	Sugar Times
106469	Sugar Times
106470	Sugar Times
106471	Sugar Times
106472	Sugar Times
106473	Sugar Times
106474	Sugar Times
106475	Sugar Times
106476	Sugar Times
106477	Sugar Times
106478	Sugar Times
106479	Sugar Times
106480	Sugar Times
106481	Sugar Times
106482	Sugar Times
106483	Sugar Times
106484	Sugar Times
106486	Sugar Times
106487	Sugar Times
106488	Sugar Times
106489	Sugar Times
106490	Sugar Times
106491	Sugar Times
106492	Sugar Times
106494	Sugar Times
106501	Sugar Times
106502	Sugar Times
106503	Sugar Times
106504	Sugar Times
106505	Sugar Times
106507	Sugar Times
106508	Sugar Times
106509	Sugar Times
106510	Sugar Times
106511	Sugar Times
106512	Sugar Times
106513	Sugar Times
106514	Sugar Times
106515	Sugar Times
106516	Sugar Times
106517	Sugar Times
106518	Sugar Times
106519	Sugar Times
106520	Sugar Times
106521	Sugar Times
106522	Sugar Times
106523	Sugar Times
106524	Sugar Times
106525	Sugar Times
106526	Sugar Times
106528	Sugar Times
106529	Sugar Times
106530	Sugar Times
106531	Sugar Times
106532	Sugar Times
106533	Sugar Times
106534	Sugar Times
106542	Sugar Times
106544	Sugar Times
106559	Sugar Times
106561	Sugar Times
106562	Sugar Times
106563	Sugar Times
106564	Sugar Times
106565	Sugar Times
106567	Sugar Times
106568	Sugar Times
106569	Sugar Times
106570	Sugar Times
106571	Sugar Times
106572	Sugar Times
106573	Sugar Times
106574	Sugar Times
106575	Sugar Times
106576	Sugar Times
106577	Sugar Times
106578	Sugar Times
106579	Sugar Times
106580	Sugar Times
106581	Sugar Times
106582	Sugar Times
106583	Sugar Times
106584	Sugar Times
106585	Sugar Times
106586	Sugar Times
106588	Sugar Times
106589	Sugar Times
106590	Sugar Times
106591	Sugar Times
106592	Sugar Times
106607	Sugar Times
106610	Sugar Times
106611	Sugar Times
106612	Sugar Times
106613	Sugar Times
106614	Sugar Times
106615	Sugar Times
106616	Sugar Times
106618	Sugar Times
106619	Sugar Times
106620	Sugar Times
106621	Sugar Times
106622	Sugar Times
106623	Sugar Times
106624	Sugar Times
106625	Sugar Times
106626	Sugar Times
106627	Sugar Times
106628	Sugar Times
106629	Sugar Times
106630	Sugar Times
106631	Sugar Times
106632	Sugar Times
106633	Sugar Times
106634	Sugar Times
106635	Sugar Times
106636	Sugar Times
106638	Sugar Times
106639	Sugar Times
106640	Sugar Times
106641	Sugar Times
106642	Sugar Times
106643	Sugar Times
106644	Sugar Times
106645	Sugar Times
106646	Sugar Times
106647	Sugar Times
106648	Sugar Times
106649	Sugar Times
106656	Sugar Times
106657	Sugar Times
106659	Sugar Times
106660	Sugar Times
106661	Sugar Times
106662	Sugar Times
106663	Sugar Times
106664	Sugar Times
106665	Sugar Times
106666	Sugar Times
106667	Sugar Times
106668	Sugar Times
106669	Sugar Times
106670	Sugar Times
106671	Sugar Times
106672	Sugar Times
106673	Sugar Times
106674	Sugar Times
106675	Sugar Times
106676	Sugar Times
106677	Sugar Times
106678	Sugar Times
106679	Sugar Times
106681	Sugar Times
106682	Sugar Times
106683	Sugar Times
106684	Sugar Times
106685	Sugar Times
106686	Sugar Times
106701	Sugar Times
106702	Sugar Times
106703	Sugar Times
106704	Sugar Times
106705	Sugar Times
106706	Sugar Times
106707	Sugar Times
106709	Sugar Times
106710	Sugar Times
106711	Sugar Times
106712	Sugar Times
106713	Sugar Times
106714	Sugar Times
106715	Sugar Times
106716	Sugar Times
106717	Sugar Times
106718	Sugar Times
106719	Sugar Times
106720	Sugar Times
106721	Sugar Times
106722	Sugar Times
106723	Sugar Times
106724	Sugar Times
106725	Sugar Times
106726	Sugar Times
106727	Sugar Times
106728	Sugar Times
106729	Sugar Times
106730	Sugar Times
106732	Sugar Times
106733	Sugar Times
106734	Sugar Times
106735	Sugar Times
106736	Sugar Times
106745	Sugar Times
106748	Sugar Times
106750	Sugar Times
106752	Sugar Times
106755	Sugar Times
106756	Sugar Times
106757	Sugar Times
106758	Sugar Times
106760	Sugar Times
106761	Sugar Times
106762	Sugar Times
106763	Sugar Times
106764	Sugar Times
106765	Sugar Times
106766	Sugar Times
106767	Sugar Times
106768	Sugar Times
106769	Sugar Times
106770	Sugar Times
106771	Sugar Times
106772	Sugar Times
106773	Sugar Times
106774	Sugar Times
106775	Sugar Times
106776	Sugar Times
106777	Sugar Times
106779	Sugar Times
106780	Sugar Times
106781	Sugar Times
106782	Sugar Times
106783	Sugar Times
106784	Sugar Times
106785	Sugar Times
106786	Sugar Times
106787	Sugar Times
106788	Sugar Times
106789	Sugar Times
106790	Sugar Times
106791	Sugar Times
106792	Sugar Times
106794	Sugar Times
106795	Sugar Times
106796	Sugar Times
106797	Sugar Times
106798	Sugar Times
106799	Sugar Times
106800	Sugar Times
106801	Sugar Times
106802	Sugar Times
106803	Sugar Times
106804	Sugar Times
106805	Sugar Times
106806	Sugar Times
106807	Sugar Times
106808	Sugar Times
106809	Sugar Times
106810	Sugar Times
106811	Sugar Times
106812	Sugar Times
106813	Sugar Times
106814	Sugar Times
106815	Sugar Times
106817	Sugar Times
106818	Sugar Times
106819	Sugar Times
106820	Sugar Times
106821	Sugar Times
106822	Sugar Times
106823	Sugar Times
106824	Sugar Times
106825	Sugar Times
106834	Sugar Times
106835	Sugar Times
106837	Sugar Times
106838	Sugar Times
106839	Sugar Times
106840	Sugar Times
106841	Sugar Times
106842	Sugar Times
106843	Sugar Times
106844	Sugar Times
106845	Sugar Times
106846	Sugar Times
106847	Sugar Times
106848	Sugar Times
106849	Sugar Times
106850	Sugar Times
106851	Sugar Times
106852	Sugar Times
106853	Sugar Times
106854	Sugar Times
106855	Sugar Times
106856	Sugar Times
106858	Sugar Times
106859	Sugar Times
106860	Sugar Times
106861	Sugar Times
106862	Sugar Times
106867	Sugar Times
106868	Sugar Times
106870	Sugar Times
106871	Sugar Times
106882	Sugar Times
106883	Sugar Times
106884	Sugar Times
106885	Sugar Times
106887	Sugar Times
106888	Sugar Times
106889	Sugar Times
106890	Sugar Times
106891	Sugar Times
106892	Sugar Times
106893	Sugar Times
106894	Sugar Times
106895	Sugar Times
106896	Sugar Times
106897	Sugar Times
106898	Sugar Times
106899	Sugar Times
106900	Sugar Times
106901	Sugar Times
106902	Sugar Times
106903	Sugar Times
106904	Sugar Times
106905	Sugar Times
106907	Sugar Times
106908	Sugar Times
106909	Sugar Times
106910	Sugar Times
106911	Sugar Times
106912	Sugar Times
106913	Sugar Times
106916	Sugar Times
106924	Sugar Times
106925	Sugar Times
106926	Sugar Times
106933	Sugar Times
106934	Sugar Times
106936	Sugar Times
106937	Sugar Times
106938	Sugar Times
106939	Sugar Times
106940	Sugar Times
106941	Sugar Times
106942	Sugar Times
106943	Sugar Times
106944	Sugar Times
106945	Sugar Times
106946	Sugar Times
106947	Sugar Times
106948	Sugar Times
106949	Sugar Times
106950	Sugar Times
106951	Sugar Times
106952	Sugar Times
106953	Sugar Times
106954	Sugar Times
106955	Sugar Times
106957	Sugar Times
106958	Sugar Times
106959	Sugar Times
106960	Sugar Times
106964	Sugar Times
106965	Sugar Times
106966	Sugar Times
106967	Sugar Times
106968	Sugar Times
106969	Sugar Times
106970	Sugar Times
106972	Sugar Times
106973	Sugar Times
106974	Sugar Times
106975	Sugar Times
106976	Sugar Times
106977	Sugar Times
106978	Sugar Times
106979	Sugar Times
106980	Sugar Times
106990	Sugar Times
106995	Sugar Times
106997	Sugar Times
106998	Sugar Times
106999	Sugar Times
107000	Sugar Times
107001	Sugar Times
107002	Sugar Times
107003	Sugar Times
107004	Sugar Times
107005	Sugar Times
107007	Sugar Times
107008	Sugar Times
107009	Sugar Times
107010	Sugar Times
107011	Sugar Times
107012	Sugar Times
107017	Sugar Times
107018	Sugar Times
107021	Sugar Times
107026	Sugar Times
107027	Sugar Times
107028	Sugar Times
107029	Sugar Times
107031	Sugar Times
107032	Sugar Times
107033	Sugar Times
107034	Sugar Times
107035	Sugar Times
107036	Sugar Times
107037	Sugar Times
107038	Sugar Times
107039	Sugar Times
107040	Sugar Times
107041	Sugar Times
107042	Sugar Times
107043	Sugar Times
107044	Sugar Times
107045	Sugar Times
107046	Sugar Times
107047	Sugar Times
107049	Sugar Times
107050	Sugar Times
107051	Sugar Times
107052	Sugar Times
107053	Sugar Times
107054	Sugar Times
107067	Sugar Times
107068	Sugar Times
107069	Sugar Times
107070	Sugar Times
107071	Sugar Times
107072	Sugar Times
107074	Sugar Times
107075	Sugar Times
107076	Sugar Times
107077	Sugar Times
107078	Sugar Times
107079	Sugar Times
107080	Sugar Times
107081	Sugar Times
107082	Sugar Times
107083	Sugar Times
107084	Sugar Times
107085	Sugar Times
107086	Sugar Times
107087	Sugar Times
107088	Sugar Times
107089	Sugar Times
107090	Sugar Times
107091	Sugar Times
107092	Sugar Times
107094	Sugar Times
107095	Sugar Times
107096	Sugar Times
107097	Sugar Times
107098	Sugar Times
107099	Sugar Times
107100	Sugar Times
107101	Sugar Times
107102	Sugar Times
107103	Sugar Times
107104	Sugar Times
107106	Sugar Times
107107	Sugar Times
107108	Sugar Times
107109	Sugar Times
107110	Sugar Times
107111	Sugar Times
107112	Sugar Times
107113	Sugar Times
107114	Sugar Times
107115	Sugar Times
107116	Sugar Times
107117	Sugar Times
107118	Sugar Times
107119	Sugar Times
107120	Sugar Times
107121	Sugar Times
107122	Sugar Times
107123	Sugar Times
107124	Sugar Times
107125	Sugar Times
107127	Sugar Times
107128	Sugar Times
107129	Sugar Times
107130	Sugar Times
107131	Sugar Times
107132	Sugar Times
107133	Sugar Times
107134	Sugar Times
107156	Sugar Times
107157	Sugar Times
107158	Sugar Times
107159	Sugar Times
107161	Sugar Times
107162	Sugar Times
107164	Sugar Times
107165	Sugar Times
107166	Sugar Times
107168	Sugar Times
107170	Sugar Times
107171	Sugar Times
107172	Sugar Times
107173	Sugar Times
107174	Sugar Times
107175	Sugar Times
107176	Sugar Times
107177	Sugar Times
107178	Sugar Times
107179	Sugar Times
107180	Sugar Times
107182	Sugar Times
107183	Sugar Times
107184	Sugar Times
107185	Sugar Times
107186	Sugar Times
107187	Sugar Times
107191	Sugar Times
107192	Sugar Times
107193	Sugar Times
107194	Sugar Times
107195	Sugar Times
107196	Sugar Times
107198	Sugar Times
107199	Sugar Times
107200	Sugar Times
107201	Sugar Times
107202	Sugar Times
107203	Sugar Times
107204	Sugar Times
107205	Sugar Times
107206	Sugar Times
107207	Sugar Times
107208	Sugar Times
107209	Sugar Times
107210	Sugar Times
107211	Sugar Times
107212	Sugar Times
107213	Sugar Times
107214	Sugar Times
107215	Sugar Times
107216	Sugar Times
107218	Sugar Times
107219	Sugar Times
107220	Sugar Times
107221	Sugar Times
107222	Sugar Times
107229	Sugar Times
107230	Sugar Times
107231	Sugar Times
107232	Sugar Times
107233	Sugar Times
107234	Sugar Times
107236	Sugar Times
107237	Sugar Times
107238	Sugar Times
107239	Sugar Times
107240	Sugar Times
107241	Sugar Times
107242	Sugar Times
107243	Sugar Times
107244	Sugar Times
107245	Sugar Times
107246	Sugar Times
107247	Sugar Times
107248	Sugar Times
107249	Sugar Times
107250	Sugar Times
107251	Sugar Times
107252	Sugar Times
107253	Sugar Times
107254	Sugar Times
107255	Sugar Times
107256	Sugar Times
107258	Sugar Times
107259	Sugar Times
107260	Sugar Times
107261	Sugar Times
107273	Sugar Times
107274	Sugar Times
107275	Sugar Times
107276	Sugar Times
107277	Sugar Times
107278	Sugar Times
107279	Sugar Times
107280	Sugar Times
107281	Sugar Times
107283	Sugar Times
107284	Sugar Times
107285	Sugar Times
107286	Sugar Times
107287	Sugar Times
107288	Sugar Times
107295	Sugar Times
107296	Sugar Times
107297	Sugar Times
107298	Sugar Times
107299	Sugar Times
107300	Sugar Times
107301	Sugar Times
107302	Sugar Times
107303	Sugar Times
107304	Sugar Times
107305	Sugar Times
107306	Sugar Times
107308	Sugar Times
107309	Sugar Times
107310	Sugar Times
107311	Sugar Times
107312	Sugar Times
107313	Sugar Times
107314	Sugar Times
107315	Sugar Times
107316	Sugar Times
107317	Sugar Times
107318	Sugar Times
107322	Sugar Times
107323	Sugar Times
107325	Sugar Times
107326	Sugar Times
107327	Sugar Times
107328	Sugar Times
107329	Sugar Times
107330	Sugar Times
107331	Sugar Times
107332	Sugar Times
107333	Sugar Times
107334	Sugar Times
107335	Sugar Times
107336	Sugar Times
107337	Sugar Times
107338	Sugar Times
107339	Sugar Times
107340	Sugar Times
107341	Sugar Times
107342	Sugar Times
107343	Sugar Times
107344	Sugar Times
107345	Sugar Times
107346	Sugar Times
107348	Sugar Times
107349	Sugar Times
107350	Sugar Times
107351	Sugar Times
107371	Sugar Times
107372	Sugar Times
107373	Sugar Times
107374	Sugar Times
107375	Sugar Times
107379	Sugar Times
107380	Sugar Times
107382	Sugar Times
107383	Sugar Times
107384	Sugar Times
107385	Sugar Times
107386	Sugar Times
107387	Sugar Times
107388	Sugar Times
107389	Sugar Times
107390	Sugar Times
107391	Sugar Times
107392	Sugar Times
107393	Sugar Times
107394	Sugar Times
107395	Sugar Times
107396	Sugar Times
107397	Sugar Times
107398	Sugar Times
107399	Sugar Times
107400	Sugar Times
107401	Sugar Times
107402	Sugar Times
107404	Sugar Times
107405	Sugar Times
107406	Sugar Times
107407	Sugar Times
107408	Sugar Times
107409	Sugar Times
107410	Sugar Times
107411	Sugar Times
107412	Sugar Times
107413	Sugar Times
107414	Sugar Times
107415	Sugar Times
107416	Sugar Times
107418	Sugar Times
107419	Sugar Times
107420	Sugar Times
107421	Sugar Times
107422	Sugar Times
107423	Sugar Times
107424	Sugar Times
107425	Sugar Times
107426	Sugar Times
107427	Sugar Times
107428	Sugar Times
107429	Sugar Times
107430	Sugar Times
107431	Sugar Times
107432	Sugar Times
107433	Sugar Times
107434	Sugar Times
107435	Sugar Times
107437	Sugar Times
107438	Sugar Times
107439	Sugar Times
107440	Sugar Times
107441	Sugar Times
107442	Sugar Times
107443	Sugar Times
107444	Sugar Times
107445	Sugar Times
107446	Sugar Times
107447	Sugar Times
107453	Sugar Times
107454	Sugar Times
107456	Sugar Times
107457	Sugar Times
107458	Sugar Times
107459	Sugar Times
107460	Sugar Times
107461	Sugar Times
107462	Sugar Times
107463	Sugar Times
107464	Sugar Times
107465	Sugar Times
107466	Sugar Times
107467	Sugar Times
107468	Sugar Times
107469	Sugar Times
107470	Sugar Times
107471	Sugar Times
107472	Sugar Times
107473	Sugar Times
107475	Sugar Times
107476	Sugar Times
107477	Sugar Times
107478	Sugar Times
107479	Sugar Times
107480	Sugar Times
107481	Sugar Times
107482	Sugar Times
107483	Sugar Times
107484	Sugar Times
107485	Sugar Times
107486	Sugar Times
107488	Sugar Times
107489	Sugar Times
107490	Sugar Times
107491	Sugar Times
107492	Sugar Times
107493	Sugar Times
107494	Sugar Times
107495	Sugar Times
107496	Sugar Times
107497	Sugar Times
107498	Sugar Times
107499	Sugar Times
107500	Sugar Times
107501	Sugar Times
107502	Sugar Times
107503	Sugar Times
107504	Sugar Times
107505	Sugar Times
107507	Sugar Times
107508	Sugar Times
107509	Sugar Times
107510	Sugar Times
107511	Sugar Times
107512	Sugar Times
107513	Sugar Times
107517	Sugar Times
107523	Sugar Times
107527	Sugar Times
107528	Sugar Times
107529	Sugar Times
107530	Sugar Times
107532	Sugar Times
107533	Sugar Times
107534	Sugar Times
107535	Sugar Times
107536	Sugar Times
107537	Sugar Times
107538	Sugar Times
107539	Sugar Times
107540	Sugar Times
107541	Sugar Times
107542	Sugar Times
107543	Sugar Times
107544	Sugar Times
107545	Sugar Times
107546	Sugar Times
107547	Sugar Times
107549	Sugar Times
107550	Sugar Times
107551	Sugar Times
107552	Sugar Times
107553	Sugar Times
107554	Sugar Times
107555	Sugar Times
107556	Sugar Times
107557	Sugar Times
107558	Sugar Times
107559	Sugar Times
107560	Sugar Times
107561	Sugar Times
107562	Sugar Times
107564	Sugar Times
107565	Sugar Times
107566	Sugar Times
107567	Sugar Times
107568	Sugar Times
107569	Sugar Times
107570	Sugar Times
107571	Sugar Times
107572	Sugar Times
107573	Sugar Times
107574	Sugar Times
107575	Sugar Times
107576	Sugar Times
107577	Sugar Times
107578	Sugar Times
107579	Sugar Times
107580	Sugar Times
107581	Sugar Times
107582	Sugar Times
107583	Sugar Times
107584	Sugar Times
107585	Sugar Times
107586	Sugar Times
107587	Sugar Times
107589	Sugar Times
107590	Sugar Times
107591	Sugar Times
107592	Sugar Times
107593	Sugar Times
107594	Sugar Times
107595	Sugar Times
107609	Sugar Times
107610	Sugar Times
107611	Sugar Times
107612	Sugar Times
107613	Sugar Times
107614	Sugar Times
107615	Sugar Times
107616	Sugar Times
107617	Sugar Times
107619	Sugar Times
107620	Sugar Times
107621	Sugar Times
107622	Sugar Times
107623	Sugar Times
107624	Sugar Times
107625	Sugar Times
107626	Sugar Times
107627	Sugar Times
107628	Sugar Times
107629	Sugar Times
107630	Sugar Times
107631	Sugar Times
107632	Sugar Times
107633	Sugar Times
107634	Sugar Times
107635	Sugar Times
107636	Sugar Times
107637	Sugar Times
107638	Sugar Times
107640	Sugar Times
107641	Sugar Times
107642	Sugar Times
107643	Sugar Times
107644	Sugar Times
107645	Sugar Times
107646	Sugar Times
107647	Sugar Times
107648	Sugar Times
107649	Sugar Times
107650	Sugar Times
107651	Sugar Times
107652	Sugar Times
107654	Sugar Times
107655	Sugar Times
107656	Sugar Times
107657	Sugar Times
107658	Sugar Times
107659	Sugar Times
107660	Sugar Times
107661	Sugar Times
107662	Sugar Times
107663	Sugar Times
107664	Sugar Times
107665	Sugar Times
107666	Sugar Times
107667	Sugar Times
107668	Sugar Times
107669	Sugar Times
107670	Sugar Times
107671	Sugar Times
107673	Sugar Times
107674	Sugar Times
107675	Sugar Times
107676	Sugar Times
107677	Sugar Times
107678	Sugar Times
107679	Sugar Times
107680	Sugar Times
107681	Sugar Times
107682	Sugar Times
107683	Sugar Times
107684	Sugar Times
107685	Sugar Times
107687	Sugar Times
107688	Sugar Times
107689	Sugar Times
107690	Sugar Times
107691	Sugar Times
107692	Sugar Times
107693	Sugar Times
107694	Sugar Times
107695	Sugar Times
107696	Sugar Times
107697	Sugar Times
107698	Sugar Times
107699	Sugar Times
107700	Sugar Times
107701	Sugar Times
107702	Sugar Times
107703	Sugar Times
107704	Sugar Times
107705	Sugar Times
107706	Sugar Times
107708	Sugar Times
107709	Sugar Times
107710	Sugar Times
107711	Sugar Times
107712	Sugar Times
107728	Sugar Times
107731	Sugar Times
107733	Sugar Times
107734	Sugar Times
107735	Sugar Times
107736	Sugar Times
107737	Sugar Times
107739	Sugar Times
107740	Sugar Times
107741	Sugar Times
107742	Sugar Times
107743	Sugar Times
107744	Sugar Times
107745	Sugar Times
107746	Sugar Times
107747	Sugar Times
107748	Sugar Times
107749	Sugar Times
107750	Sugar Times
107751	Sugar Times
107752	Sugar Times
107753	Sugar Times
107754	Sugar Times
107755	Sugar Times
107756	Sugar Times
107757	Sugar Times
107758	Sugar Times
107760	Sugar Times
107761	Sugar Times
107762	Sugar Times
107763	Sugar Times
107764	Sugar Times
107776	Sugar Times
107780	Sugar Times
107781	Sugar Times
107782	Sugar Times
107783	Sugar Times
107784	Sugar Times
107785	Sugar Times
107786	Sugar Times
107787	Sugar Times
107788	Sugar Times
107790	Sugar Times
107791	Sugar Times
107792	Sugar Times
107793	Sugar Times
107794	Sugar Times
107795	Sugar Times
107796	Sugar Times
107797	Sugar Times
107798	Sugar Times
107799	Sugar Times
107800	Sugar Times
107801	Sugar Times
107802	Sugar Times
107803	Sugar Times
107804	Sugar Times
107805	Sugar Times
107807	Sugar Times
107808	Sugar Times
107809	Sugar Times
107810	Sugar Times
107811	Sugar Times
107812	Sugar Times
107813	Sugar Times
107821	Sugar Times
107824	Sugar Times
107825	Sugar Times
107826	Sugar Times
107827	Sugar Times
107828	Sugar Times
107829	Sugar Times
107830	Sugar Times
107831	Sugar Times
107833	Sugar Times
107834	Sugar Times
107835	Sugar Times
107836	Sugar Times
107837	Sugar Times
107838	Sugar Times
107839	Sugar Times
107840	Sugar Times
107841	Sugar Times
107842	Sugar Times
107843	Sugar Times
107844	Sugar Times
107845	Sugar Times
107846	Sugar Times
107847	Sugar Times
107848	Sugar Times
107850	Sugar Times
107851	Sugar Times
107852	Sugar Times
107854	Sugar Times
107855	Sugar Times
107856	Sugar Times
107857	Sugar Times
107861	Sugar Times
107862	Sugar Times
107865	Sugar Times
107866	Sugar Times
107867	Sugar Times
107868	Sugar Times
107869	Sugar Times
107870	Sugar Times
107872	Sugar Times
107873	Sugar Times
107874	Sugar Times
107875	Sugar Times
107876	Sugar Times
107877	Sugar Times
107878	Sugar Times
107879	Sugar Times
107880	Sugar Times
107881	Sugar Times
107882	Sugar Times
107883	Sugar Times
107884	Sugar Times
107886	Sugar Times
107887	Sugar Times
107889	Sugar Times
107890	Sugar Times
107891	Sugar Times
107892	Sugar Times
107893	Sugar Times
107912	Sugar Times
107913	Sugar Times
107914	Sugar Times
107915	Sugar Times
107916	Sugar Times
107917	Sugar Times
107918	Sugar Times
107919	Sugar Times
107920	Sugar Times
107921	Sugar Times
107922	Sugar Times
107924	Sugar Times
107925	Sugar Times
107926	Sugar Times
107927	Sugar Times
107928	Sugar Times
107929	Sugar Times
107930	Sugar Times
107931	Sugar Times
107932	Sugar Times
107933	Sugar Times
107934	Sugar Times
107935	Sugar Times
107936	Sugar Times
107937	Sugar Times
107939	Sugar Times
107940	Sugar Times
107941	Sugar Times
107942	Sugar Times
107943	Sugar Times
107944	Sugar Times
107945	Sugar Times
107962	Sugar Times
107968	Sugar Times
107969	Sugar Times
107970	Sugar Times
107971	Sugar Times
107972	Sugar Times
107973	Sugar Times
107974	Sugar Times
107975	Sugar Times
107977	Sugar Times
107978	Sugar Times
107979	Sugar Times
107980	Sugar Times
107981	Sugar Times
107982	Sugar Times
107983	Sugar Times
107984	Sugar Times
107985	Sugar Times
107986	Sugar Times
107987	Sugar Times
107988	Sugar Times
107989	Sugar Times
107990	Sugar Times
107991	Sugar Times
107992	Sugar Times
107994	Sugar Times
107995	Sugar Times
107996	Sugar Times
107997	Sugar Times
107998	Sugar Times
107999	Sugar Times
108000	Sugar Times
108001	Sugar Times
108002	Sugar Times
108003	Sugar Times
108004	Sugar Times
108005	Sugar Times
108006	Sugar Times
108007	Sugar Times
108008	Sugar Times
108010	Sugar Times
108011	Sugar Times
108012	Sugar Times
108013	Sugar Times
108014	Sugar Times
108015	Sugar Times
108016	Sugar Times
108017	Sugar Times
108018	Sugar Times
108019	Sugar Times
108020	Sugar Times
108021	Sugar Times
108022	Sugar Times
108023	Sugar Times
108024	Sugar Times
108026	Sugar Times
108027	Sugar Times
108028	Sugar Times
108029	Sugar Times
108030	Sugar Times
108056	Sugar Times
108057	Sugar Times
108058	Sugar Times
108059	Sugar Times
108060	Sugar Times
108061	Sugar Times
108062	Sugar Times
108063	Sugar Times
108064	Sugar Times
108065	Sugar Times
108066	Sugar Times
108068	Sugar Times
108069	Sugar Times
108070	Sugar Times
108071	Sugar Times
108072	Sugar Times
108073	Sugar Times
108074	Sugar Times
108075	Sugar Times
108076	Sugar Times
108077	Sugar Times
108078	Sugar Times
108079	Sugar Times
108080	Sugar Times
108082	Sugar Times
108083	Sugar Times
108084	Sugar Times
108085	Sugar Times
108086	Sugar Times
108087	Sugar Times
108088	Sugar Times
108089	Sugar Times
108091	Sugar Times
108093	Sugar Times
108094	Sugar Times
108095	Sugar Times
108096	Sugar Times
108097	Sugar Times
108098	Sugar Times
108099	Sugar Times
108101	Sugar Times
108102	Sugar Times
108103	Sugar Times
108104	Sugar Times
108105	Sugar Times
108106	Sugar Times
108107	Sugar Times
108108	Sugar Times
108109	Sugar Times
108110	Sugar Times
108111	Sugar Times
108112	Sugar Times
108113	Sugar Times
108114	Sugar Times
108115	Sugar Times
108116	Sugar Times
108118	Sugar Times
108119	Sugar Times
108120	Sugar Times
108121	Sugar Times
108122	Sugar Times
108131	Sugar Times
108137	Sugar Times
108138	Sugar Times
108139	Sugar Times
108140	Sugar Times
108141	Sugar Times
108142	Sugar Times
108143	Sugar Times
108144	Sugar Times
108145	Sugar Times
108147	Sugar Times
108148	Sugar Times
108149	Sugar Times
108150	Sugar Times
108151	Sugar Times
108152	Sugar Times
108153	Sugar Times
108154	Sugar Times
108155	Sugar Times
108156	Sugar Times
108157	Sugar Times
108158	Sugar Times
108159	Sugar Times
108160	Sugar Times
108161	Sugar Times
108162	Sugar Times
108164	Sugar Times
108165	Sugar Times
108166	Sugar Times
108167	Sugar Times
108184	Sugar Times
108185	Sugar Times
108186	Sugar Times
108187	Sugar Times
108188	Sugar Times
108189	Sugar Times
108190	Sugar Times
108191	Sugar Times
108192	Sugar Times
108193	Sugar Times
108194	Sugar Times
108195	Sugar Times
108197	Sugar Times
108198	Sugar Times
108199	Sugar Times
108200	Sugar Times
108201	Sugar Times
108202	Sugar Times
108203	Sugar Times
108204	Sugar Times
108205	Sugar Times
108206	Sugar Times
108207	Sugar Times
108208	Sugar Times
108209	Sugar Times
108211	Sugar Times
108212	Sugar Times
108213	Sugar Times
108214	Sugar Times
108215	Sugar Times
108216	Sugar Times
108226	Sugar Times
108231	Sugar Times
108232	Sugar Times
108233	Sugar Times
108234	Sugar Times
108235	Sugar Times
108236	Sugar Times
108237	Sugar Times
108238	Sugar Times
108239	Sugar Times
108240	Sugar Times
108241	Sugar Times
108243	Sugar Times
108244	Sugar Times
108245	Sugar Times
108246	Sugar Times
108247	Sugar Times
108248	Sugar Times
108249	Sugar Times
108250	Sugar Times
108251	Sugar Times
108252	Sugar Times
108253	Sugar Times
108254	Sugar Times
108255	Sugar Times
108256	Sugar Times
108258	Sugar Times
108259	Sugar Times
108260	Sugar Times
108261	Sugar Times
108262	Sugar Times
108263	Sugar Times
108264	Sugar Times
108265	Sugar Times
108266	Sugar Times
108267	Sugar Times
108268	Sugar Times
108269	Sugar Times
108270	Sugar Times
108271	Sugar Times
108272	Sugar Times
108274	Sugar Times
108275	Sugar Times
108276	Sugar Times
108277	Sugar Times
108278	Sugar Times
108279	Sugar Times
108280	Sugar Times
108281	Sugar Times
108282	Sugar Times
108283	Sugar Times
108284	Sugar Times
108285	Sugar Times
108286	Sugar Times
108287	Sugar Times
108289	Sugar Times
108290	Sugar Times
108291	Sugar Times
108292	Sugar Times
108293	Sugar Times
108294	Sugar Times
108295	Sugar Times
108296	Sugar Times
108297	Sugar Times
108298	Sugar Times
108299	Sugar Times
108300	Sugar Times
108301	Sugar Times
108302	Sugar Times
108303	Sugar Times
108304	Sugar Times
108305	Sugar Times
108307	Sugar Times
108308	Sugar Times
108309	Sugar Times
108310	Sugar Times
108311	Sugar Times
108312	Sugar Times
108313	Sugar Times
108314	Sugar Times
108315	Sugar Times
108316	Sugar Times
108317	Sugar Times
108319	Sugar Times
108320	Sugar Times
108321	Sugar Times
108322	Sugar Times
108323	Sugar Times
108324	Sugar Times
108325	Sugar Times
108339	Sugar Times
108340	Sugar Times
108341	Sugar Times
108342	Sugar Times
108343	Sugar Times
108344	Sugar Times
108345	Sugar Times
108346	Sugar Times
108347	Sugar Times
108348	Sugar Times
108349	Sugar Times
108351	Sugar Times
108352	Sugar Times
108353	Sugar Times
108354	Sugar Times
108355	Sugar Times
108356	Sugar Times
108357	Sugar Times
108358	Sugar Times
108359	Sugar Times
108360	Sugar Times
108361	Sugar Times
108362	Sugar Times
108363	Sugar Times
108364	Sugar Times
108365	Sugar Times
108367	Sugar Times
108368	Sugar Times
108369	Sugar Times
108370	Sugar Times
108371	Sugar Times
108376	Sugar Times
108377	Sugar Times
108378	Sugar Times
108379	Sugar Times
108380	Sugar Times
108381	Sugar Times
108382	Sugar Times
108383	Sugar Times
108384	Sugar Times
108385	Sugar Times
108386	Sugar Times
108388	Sugar Times
108389	Sugar Times
108390	Sugar Times
108391	Sugar Times
108392	Sugar Times
108393	Sugar Times
108394	Sugar Times
108395	Sugar Times
108396	Sugar Times
108397	Sugar Times
108398	Sugar Times
108399	Sugar Times
108400	Sugar Times
108401	Sugar Times
108402	Sugar Times
108404	Sugar Times
108405	Sugar Times
108406	Sugar Times
108407	Sugar Times
108408	Sugar Times
108437	Sugar Times
108438	Sugar Times
108439	Sugar Times
108440	Sugar Times
108441	Sugar Times
108442	Sugar Times
108443	Sugar Times
108444	Sugar Times
108445	Sugar Times
108446	Sugar Times
108447	Sugar Times
108448	Sugar Times
108449	Sugar Times
108450	Sugar Times
108452	Sugar Times
108453	Sugar Times
108454	Sugar Times
108455	Sugar Times
108456	Sugar Times
108457	Sugar Times
108458	Sugar Times
108459	Sugar Times
108460	Sugar Times
108461	Sugar Times
108462	Sugar Times
108463	Sugar Times
108464	Sugar Times
108466	Sugar Times
108467	Sugar Times
108468	Sugar Times
108469	Sugar Times
108470	Sugar Times
108471	Sugar Times
108472	Sugar Times
108473	Sugar Times
108474	Sugar Times
108475	Sugar Times
108476	Sugar Times
108477	Sugar Times
108478	Sugar Times
108479	Sugar Times
108480	Sugar Times
108481	Sugar Times
108482	Sugar Times
108483	Sugar Times
108485	Sugar Times
108486	Sugar Times
108487	Sugar Times
108488	Sugar Times
108489	Sugar Times
108490	Sugar Times
108491	Sugar Times
108492	Sugar Times
108493	Sugar Times
108494	Sugar Times
108495	Sugar Times
108496	Sugar Times
108497	Sugar Times
108499	Sugar Times
108500	Sugar Times
108501	Sugar Times
108502	Sugar Times
108503	Sugar Times
108504	Sugar Times
108505	Sugar Times
108506	Sugar Times
108507	Sugar Times
108508	Sugar Times
108509	Sugar Times
108510	Sugar Times
108511	Sugar Times
108512	Sugar Times
108513	Sugar Times
108514	Sugar Times
108516	Sugar Times
108517	Sugar Times
108518	Sugar Times
108519	Sugar Times
108520	Sugar Times
108521	Sugar Times
108522	Sugar Times
108523	Sugar Times
108524	Sugar Times
108525	Sugar Times
108526	Sugar Times
108527	Sugar Times
108528	Sugar Times
108530	Sugar Times
108531	Sugar Times
108532	Sugar Times
108533	Sugar Times
108534	Sugar Times
108559	Sugar Times
108560	Sugar Times
108561	Sugar Times
108562	Sugar Times
108563	Sugar Times
108564	Sugar Times
108565	Sugar Times
108566	Sugar Times
108567	Sugar Times
108568	Sugar Times
108569	Sugar Times
108570	Sugar Times
108571	Sugar Times
108573	Sugar Times
108574	Sugar Times
108575	Sugar Times
108576	Sugar Times
108577	Sugar Times
108578	Sugar Times
108579	Sugar Times
108580	Sugar Times
108581	Sugar Times
108582	Sugar Times
108583	Sugar Times
108584	Sugar Times
108586	Sugar Times
108587	Sugar Times
108588	Sugar Times
108589	Sugar Times
108590	Sugar Times
108591	Sugar Times
108592	Sugar Times
108593	Sugar Times
108594	Sugar Times
108595	Sugar Times
108596	Sugar Times
108597	Sugar Times
108598	Sugar Times
108599	Sugar Times
108600	Sugar Times
108601	Sugar Times
108602	Sugar Times
108603	Sugar Times
108605	Sugar Times
108606	Sugar Times
108607	Sugar Times
108608	Sugar Times
108609	Sugar Times
108610	Sugar Times
108611	Sugar Times
108612	Sugar Times
108613	Sugar Times
108614	Sugar Times
108615	Sugar Times
108616	Sugar Times
108617	Sugar Times
108619	Sugar Times
108620	Sugar Times
108621	Sugar Times
108622	Sugar Times
108623	Sugar Times
108624	Sugar Times
108625	Sugar Times
108626	Sugar Times
108627	Sugar Times
108628	Sugar Times
108629	Sugar Times
108630	Sugar Times
108631	Sugar Times
108632	Sugar Times
108633	Sugar Times
108634	Sugar Times
108636	Sugar Times
108637	Sugar Times
108638	Sugar Times
108639	Sugar Times
108640	Sugar Times
108641	Sugar Times
108642	Sugar Times
108643	Sugar Times
108644	Sugar Times
108645	Sugar Times
108646	Sugar Times
108647	Sugar Times
108648	Sugar Times
108649	Sugar Times
108651	Sugar Times
108652	Sugar Times
108653	Sugar Times
108654	Sugar Times
108655	Sugar Times
108685	Sugar Times
108686	Sugar Times
108687	Sugar Times
108690	Sugar Times
108692	Sugar Times
108693	Sugar Times
108694	Sugar Times
108695	Sugar Times
108696	Sugar Times
108697	Sugar Times
108698	Sugar Times
108699	Sugar Times
108700	Sugar Times
108702	Sugar Times
108703	Sugar Times
108704	Sugar Times
108705	Sugar Times
108706	Sugar Times
108707	Sugar Times
108708	Sugar Times
108709	Sugar Times
108710	Sugar Times
108711	Sugar Times
108712	Sugar Times
108714	Sugar Times
108715	Sugar Times
108716	Sugar Times
108717	Sugar Times
108718	Sugar Times
108737	Sugar Times
108738	Sugar Times
108740	Sugar Times
108741	Sugar Times
108742	Sugar Times
108743	Sugar Times
108744	Sugar Times
108745	Sugar Times
108746	Sugar Times
108747	Sugar Times
108748	Sugar Times
108749	Sugar Times
108750	Sugar Times
108752	Sugar Times
108753	Sugar Times
108754	Sugar Times
108755	Sugar Times
108756	Sugar Times
108757	Sugar Times
108758	Sugar Times
108759	Sugar Times
108760	Sugar Times
108761	Sugar Times
108762	Sugar Times
108763	Sugar Times
108764	Sugar Times
108766	Sugar Times
108767	Sugar Times
108768	Sugar Times
108769	Sugar Times
108770	Sugar Times
108790	Sugar Times
108791	Sugar Times
108792	Sugar Times
108793	Sugar Times
108794	Sugar Times
108795	Sugar Times
108796	Sugar Times
108797	Sugar Times
108798	Sugar Times
108799	Sugar Times
108800	Sugar Times
108802	Sugar Times
108803	Sugar Times
108804	Sugar Times
108805	Sugar Times
108806	Sugar Times
108807	Sugar Times
108808	Sugar Times
108809	Sugar Times
108810	Sugar Times
108811	Sugar Times
108812	Sugar Times
108813	Sugar Times
108815	Sugar Times
108816	Sugar Times
108817	Sugar Times
108818	Sugar Times
108819	Sugar Times
108820	Sugar Times
108835	Sugar Times
108836	Sugar Times
108837	Sugar Times
108838	Sugar Times
108839	Sugar Times
108840	Sugar Times
108841	Sugar Times
108842	Sugar Times
108843	Sugar Times
108844	Sugar Times
108845	Sugar Times
108846	Sugar Times
108847	Sugar Times
108849	Sugar Times
108850	Sugar Times
108851	Sugar Times
108852	Sugar Times
108853	Sugar Times
108854	Sugar Times
108855	Sugar Times
108856	Sugar Times
108857	Sugar Times
108858	Sugar Times
108860	Sugar Times
108861	Sugar Times
108862	Sugar Times
108863	Sugar Times
108864	Sugar Times
108865	Sugar Times
108866	Sugar Times
108888	Sugar Times
108889	Sugar Times
108890	Sugar Times
108891	Sugar Times
108892	Sugar Times
108893	Sugar Times
108895	Sugar Times
108896	Sugar Times
108897	Sugar Times
108898	Sugar Times
108899	Sugar Times
108900	Sugar Times
108901	Sugar Times
108902	Sugar Times
108903	Sugar Times
108904	Sugar Times
108905	Sugar Times
108906	Sugar Times
108908	Sugar Times
108909	Sugar Times
108910	Sugar Times
108911	Sugar Times
108912	Sugar Times
108913	Sugar Times
108914	Sugar Times
108915	Sugar Times
108916	Sugar Times
108917	Sugar Times
108918	Sugar Times
108919	Sugar Times
108920	Sugar Times
108921	Sugar Times
108922	Sugar Times
108923	Sugar Times
108924	Sugar Times
108926	Sugar Times
108927	Sugar Times
108928	Sugar Times
108929	Sugar Times
108930	Sugar Times
108931	Sugar Times
108932	Sugar Times
108933	Sugar Times
108934	Sugar Times
108935	Sugar Times
108936	Sugar Times
108937	Sugar Times
108939	Sugar Times
108940	Sugar Times
108941	Sugar Times
108942	Sugar Times
108943	Sugar Times
108944	Sugar Times
108961	Sugar Times
108962	Sugar Times
108963	Sugar Times
108964	Sugar Times
108965	Sugar Times
108966	Sugar Times
108967	Sugar Times
108968	Sugar Times
108969	Sugar Times
108970	Sugar Times
108971	Sugar Times
108972	Sugar Times
108973	Sugar Times
108975	Sugar Times
108976	Sugar Times
108977	Sugar Times
108978	Sugar Times
108979	Sugar Times
108980	Sugar Times
108981	Sugar Times
108982	Sugar Times
108983	Sugar Times
108984	Sugar Times
108986	Sugar Times
108987	Sugar Times
108988	Sugar Times
108989	Sugar Times
108990	Sugar Times
108991	Sugar Times
109005	Sugar Times
109006	Sugar Times
109013	Sugar Times
109014	Sugar Times
109015	Sugar Times
109016	Sugar Times
109017	Sugar Times
109018	Sugar Times
109019	Sugar Times
109020	Sugar Times
109021	Sugar Times
109022	Sugar Times
109023	Sugar Times
109025	Sugar Times
109026	Sugar Times
109027	Sugar Times
109028	Sugar Times
109029	Sugar Times
109030	Sugar Times
109031	Sugar Times
109032	Sugar Times
109033	Sugar Times
109034	Sugar Times
109035	Sugar Times
109036	Sugar Times
109038	Sugar Times
109039	Sugar Times
109040	Sugar Times
109041	Sugar Times
109042	Sugar Times
109043	Sugar Times
109072	Sugar Times
109073	Sugar Times
109074	Sugar Times
109075	Sugar Times
109076	Sugar Times
109077	Sugar Times
109078	Sugar Times
109079	Sugar Times
109080	Sugar Times
109081	Sugar Times
109082	Sugar Times
109083	Sugar Times
109085	Sugar Times
109086	Sugar Times
109087	Sugar Times
109088	Sugar Times
109089	Sugar Times
109090	Sugar Times
109091	Sugar Times
109092	Sugar Times
109093	Sugar Times
109094	Sugar Times
109095	Sugar Times
109096	Sugar Times
109098	Sugar Times
109099	Sugar Times
109100	Sugar Times
109101	Sugar Times
109102	Sugar Times
109103	Sugar Times
109118	Sugar Times
109119	Sugar Times
109120	Sugar Times
109121	Sugar Times
109122	Sugar Times
109123	Sugar Times
109124	Sugar Times
109125	Sugar Times
109126	Sugar Times
109127	Sugar Times
109128	Sugar Times
109129	Sugar Times
109130	Sugar Times
109132	Sugar Times
109133	Sugar Times
109134	Sugar Times
109135	Sugar Times
109136	Sugar Times
109137	Sugar Times
109138	Sugar Times
109139	Sugar Times
109140	Sugar Times
109141	Sugar Times
109143	Sugar Times
109144	Sugar Times
109145	Sugar Times
109146	Sugar Times
109147	Sugar Times
109165	Sugar Times
109166	Sugar Times
109167	Sugar Times
109168	Sugar Times
109169	Sugar Times
109170	Sugar Times
109171	Sugar Times
109172	Sugar Times
109173	Sugar Times
109174	Sugar Times
109175	Sugar Times
109176	Sugar Times
109177	Sugar Times
109179	Sugar Times
109180	Sugar Times
109181	Sugar Times
109182	Sugar Times
109183	Sugar Times
109184	Sugar Times
109185	Sugar Times
109186	Sugar Times
109187	Sugar Times
109188	Sugar Times
109189	Sugar Times
109191	Sugar Times
109192	Sugar Times
109193	Sugar Times
109194	Sugar Times
109195	Sugar Times
109196	Sugar Times
109197	Sugar Times
109198	Sugar Times
109199	Sugar Times
109214	Sugar Times
109215	Sugar Times
109216	Sugar Times
109217	Sugar Times
109218	Sugar Times
109227	Sugar Times
109229	Sugar Times
109232	Sugar Times
109233	Sugar Times
109234	Sugar Times
109235	Sugar Times
109236	Sugar Times
109237	Sugar Times
109238	Sugar Times
109239	Sugar Times
109240	Sugar Times
109241	Sugar Times
109242	Sugar Times
109244	Sugar Times
109245	Sugar Times
109246	Sugar Times
109247	Sugar Times
109248	Sugar Times
109249	Sugar Times
109250	Sugar Times
109251	Sugar Times
109252	Sugar Times
109253	Sugar Times
109254	Sugar Times
109255	Sugar Times
109256	Sugar Times
109257	Sugar Times
109258	Sugar Times
109259	Sugar Times
109260	Sugar Times
109261	Sugar Times
109262	Sugar Times
109267	Sugar Times
109272	Sugar Times
109273	Sugar Times
109274	Sugar Times
109275	Sugar Times
109276	Sugar Times
109277	Sugar Times
109278	Sugar Times
109279	Sugar Times
109280	Sugar Times
109282	Sugar Times
109283	Sugar Times
109284	Sugar Times
109285	Sugar Times
109286	Sugar Times
109287	Sugar Times
109288	Sugar Times
109289	Sugar Times
109308	Sugar Times
109309	Sugar Times
109310	Sugar Times
109311	Sugar Times
109312	Sugar Times
109313	Sugar Times
109314	Sugar Times
109315	Sugar Times
109316	Sugar Times
109317	Sugar Times
109318	Sugar Times
109320	Sugar Times
109321	Sugar Times
109322	Sugar Times
109323	Sugar Times
109324	Sugar Times
109325	Sugar Times
109326	Sugar Times
109327	Sugar Times
109328	Sugar Times
109329	Sugar Times
109330	Sugar Times
109332	Sugar Times
109333	Sugar Times
109334	Sugar Times
109335	Sugar Times
109336	Sugar Times
109337	Sugar Times
109362	Sugar Times
109363	Sugar Times
109364	Sugar Times
109365	Sugar Times
109366	Sugar Times
109367	Sugar Times
109368	Sugar Times
109369	Sugar Times
109370	Sugar Times
109371	Sugar Times
109372	Sugar Times
109373	Sugar Times
109375	Sugar Times
109376	Sugar Times
109377	Sugar Times
109378	Sugar Times
109379	Sugar Times
109380	Sugar Times
109381	Sugar Times
109382	Sugar Times
109383	Sugar Times
109384	Sugar Times
109385	Sugar Times
109386	Sugar Times
109388	Sugar Times
109389	Sugar Times
109390	Sugar Times
109391	Sugar Times
109392	Sugar Times
109393	Sugar Times
109394	Sugar Times
109395	Sugar Times
109396	Sugar Times
109397	Sugar Times
109398	Sugar Times
109399	Sugar Times
109400	Sugar Times
109401	Sugar Times
109402	Sugar Times
109403	Sugar Times
109404	Sugar Times
109405	Sugar Times
109406	Sugar Times
109407	Sugar Times
109409	Sugar Times
109410	Sugar Times
109411	Sugar Times
109412	Sugar Times
109413	Sugar Times
109414	Sugar Times
109415	Sugar Times
109416	Sugar Times
109417	Sugar Times
109419	Sugar Times
109420	Sugar Times
109421	Sugar Times
109422	Sugar Times
109423	Sugar Times
109426	Sugar Times
109429	Sugar Times
109444	Sugar Times
109445	Sugar Times
109446	Sugar Times
109447	Sugar Times
109448	Sugar Times
109449	Sugar Times
109450	Sugar Times
109451	Sugar Times
109452	Sugar Times
109453	Sugar Times
109454	Sugar Times
109456	Sugar Times
109457	Sugar Times
109458	Sugar Times
109459	Sugar Times
109460	Sugar Times
109461	Sugar Times
109462	Sugar Times
109463	Sugar Times
109464	Sugar Times
109465	Sugar Times
109466	Sugar Times
109468	Sugar Times
109469	Sugar Times
109470	Sugar Times
109471	Sugar Times
109472	Sugar Times
109473	Sugar Times
109502	Sugar Times
109503	Sugar Times
109504	Sugar Times
109505	Sugar Times
109506	Sugar Times
109507	Sugar Times
109508	Sugar Times
109509	Sugar Times
109510	Sugar Times
109511	Sugar Times
109512	Sugar Times
109514	Sugar Times
109515	Sugar Times
109516	Sugar Times
109517	Sugar Times
109518	Sugar Times
109519	Sugar Times
109520	Sugar Times
109521	Sugar Times
109522	Sugar Times
109523	Sugar Times
109524	Sugar Times
109525	Sugar Times
109526	Sugar Times
109528	Sugar Times
109529	Sugar Times
109530	Sugar Times
109531	Sugar Times
109532	Sugar Times
109533	Sugar Times
109534	Sugar Times
109535	Sugar Times
109536	Sugar Times
109537	Sugar Times
109538	Sugar Times
109539	Sugar Times
109540	Sugar Times
109541	Sugar Times
109542	Sugar Times
109543	Sugar Times
109544	Sugar Times
109545	Sugar Times
109547	Sugar Times
109548	Sugar Times
109549	Sugar Times
109550	Sugar Times
109551	Sugar Times
109552	Sugar Times
109553	Sugar Times
109554	Sugar Times
109555	Sugar Times
109557	Sugar Times
109558	Sugar Times
109559	Sugar Times
109560	Sugar Times
109561	Sugar Times
109562	Sugar Times
109563	Sugar Times
109564	Sugar Times
109565	Sugar Times
109566	Sugar Times
109567	Sugar Times
109568	Sugar Times
109569	Sugar Times
109570	Sugar Times
109571	Sugar Times
109572	Sugar Times
109573	Sugar Times
109574	Sugar Times
109576	Sugar Times
109577	Sugar Times
109578	Sugar Times
109579	Sugar Times
109580	Sugar Times
109581	Sugar Times
109582	Sugar Times
109583	Sugar Times
109584	Sugar Times
109585	Sugar Times
109616	Sugar Times
109617	Sugar Times
109618	Sugar Times
109619	Sugar Times
109620	Sugar Times
109621	Sugar Times
109622	Sugar Times
109623	Sugar Times
109624	Sugar Times
109625	Sugar Times
109626	Sugar Times
109628	Sugar Times
109629	Sugar Times
109630	Sugar Times
109631	Sugar Times
109632	Sugar Times
109633	Sugar Times
109634	Sugar Times
109635	Sugar Times
109636	Sugar Times
109637	Sugar Times
109638	Sugar Times
109639	Sugar Times
109641	Sugar Times
109642	Sugar Times
109643	Sugar Times
109644	Sugar Times
109645	Sugar Times
109646	Sugar Times
109647	Sugar Times
109676	Sugar Times
109677	Sugar Times
109678	Sugar Times
109679	Sugar Times
109680	Sugar Times
109681	Sugar Times
109682	Sugar Times
109683	Sugar Times
109684	Sugar Times
109685	Sugar Times
109686	Sugar Times
109687	Sugar Times
109688	Sugar Times
109689	Sugar Times
109691	Sugar Times
109692	Sugar Times
109693	Sugar Times
109694	Sugar Times
109695	Sugar Times
109696	Sugar Times
109697	Sugar Times
109698	Sugar Times
109699	Sugar Times
109700	Sugar Times
109701	Sugar Times
109703	Sugar Times
109704	Sugar Times
109705	Sugar Times
109706	Sugar Times
109707	Sugar Times
109708	Sugar Times
109709	Sugar Times
109710	Sugar Times
109726	Sugar Times
109727	Sugar Times
109728	Sugar Times
109729	Sugar Times
109730	Sugar Times
109731	Sugar Times
109732	Sugar Times
109733	Sugar Times
109734	Sugar Times
109735	Sugar Times
109736	Sugar Times
109737	Sugar Times
109739	Sugar Times
109740	Sugar Times
109741	Sugar Times
109742	Sugar Times
109743	Sugar Times
109744	Sugar Times
109745	Sugar Times
109746	Sugar Times
109747	Sugar Times
109748	Sugar Times
109749	Sugar Times
109750	Sugar Times
109752	Sugar Times
109753	Sugar Times
109754	Sugar Times
109755	Sugar Times
109756	Sugar Times
109774	Sugar Times
109775	Sugar Times
109776	Sugar Times
109777	Sugar Times
109778	Sugar Times
109779	Sugar Times
109780	Sugar Times
109781	Sugar Times
109782	Sugar Times
109783	Sugar Times
109784	Sugar Times
109786	Sugar Times
109787	Sugar Times
109788	Sugar Times
109789	Sugar Times
109790	Sugar Times
109791	Sugar Times
109792	Sugar Times
109793	Sugar Times
109794	Sugar Times
109795	Sugar Times
109796	Sugar Times
109797	Sugar Times
109799	Sugar Times
109800	Sugar Times
109801	Sugar Times
109802	Sugar Times
109803	Sugar Times
109804	Sugar Times
109805	Sugar Times
109806	Sugar Times
109807	Sugar Times
109808	Sugar Times
109809	Sugar Times
109810	Sugar Times
109811	Sugar Times
109812	Sugar Times
109813	Sugar Times
109814	Sugar Times
109815	Sugar Times
109816	Sugar Times
109817	Sugar Times
109819	Sugar Times
109820	Sugar Times
109821	Sugar Times
109822	Sugar Times
109823	Sugar Times
109824	Sugar Times
109825	Sugar Times
109826	Sugar Times
109827	Sugar Times
109829	Sugar Times
109830	Sugar Times
109831	Sugar Times
109832	Sugar Times
109833	Sugar Times
109834	Sugar Times
109836	Sugar Times
109838	Sugar Times
109859	Sugar Times
109860	Sugar Times
109861	Sugar Times
109862	Sugar Times
109863	Sugar Times
109864	Sugar Times
109865	Sugar Times
109866	Sugar Times
109867	Sugar Times
109868	Sugar Times
109869	Sugar Times
109871	Sugar Times
109872	Sugar Times
109873	Sugar Times
109874	Sugar Times
109875	Sugar Times
109876	Sugar Times
109877	Sugar Times
109878	Sugar Times
109879	Sugar Times
109880	Sugar Times
109881	Sugar Times
109882	Sugar Times
109884	Sugar Times
109885	Sugar Times
109886	Sugar Times
109887	Sugar Times
109888	Sugar Times
109889	Sugar Times
109890	Sugar Times
109891	Sugar Times
109892	Sugar Times
109893	Sugar Times
109894	Sugar Times
109895	Sugar Times
109896	Sugar Times
109897	Sugar Times
109898	Sugar Times
109899	Sugar Times
109901	Sugar Times
109902	Sugar Times
109903	Sugar Times
109904	Sugar Times
109905	Sugar Times
109906	Sugar Times
109907	Sugar Times
109908	Sugar Times
109909	Sugar Times
109910	Sugar Times
109911	Sugar Times
109913	Sugar Times
109914	Sugar Times
109915	Sugar Times
109916	Sugar Times
109917	Sugar Times
109947	Sugar Times
109948	Sugar Times
109949	Sugar Times
109950	Sugar Times
109951	Sugar Times
109952	Sugar Times
109953	Sugar Times
109954	Sugar Times
109955	Sugar Times
109956	Sugar Times
109957	Sugar Times
109958	Sugar Times
109959	Sugar Times
109961	Sugar Times
109962	Sugar Times
109963	Sugar Times
109964	Sugar Times
109965	Sugar Times
109966	Sugar Times
109967	Sugar Times
109968	Sugar Times
109969	Sugar Times
109970	Sugar Times
109972	Sugar Times
109973	Sugar Times
109974	Sugar Times
109975	Sugar Times
109976	Sugar Times
109977	Sugar Times
109978	Sugar Times
109979	Sugar Times
109980	Sugar Times
109998	Sugar Times
109999	Sugar Times
110000	Sugar Times
110001	Sugar Times
110002	Sugar Times
110003	Sugar Times
110004	Sugar Times
110005	Sugar Times
110006	Sugar Times
110007	Sugar Times
110008	Sugar Times
110010	Sugar Times
110011	Sugar Times
110012	Sugar Times
110013	Sugar Times
110014	Sugar Times
110015	Sugar Times
110016	Sugar Times
110017	Sugar Times
110018	Sugar Times
110019	Sugar Times
110020	Sugar Times
110021	Sugar Times
110022	Sugar Times
110024	Sugar Times
110025	Sugar Times
110026	Sugar Times
110027	Sugar Times
110028	Sugar Times
110029	Sugar Times
110030	Sugar Times
110068	Sugar Times
110069	Sugar Times
110070	Sugar Times
110071	Sugar Times
110072	Sugar Times
110073	Sugar Times
110074	Sugar Times
110075	Sugar Times
110076	Sugar Times
110077	Sugar Times
110078	Sugar Times
110080	Sugar Times
110081	Sugar Times
110082	Sugar Times
110083	Sugar Times
110084	Sugar Times
110085	Sugar Times
110086	Sugar Times
110087	Sugar Times
110088	Sugar Times
110089	Sugar Times
110090	Sugar Times
110091	Sugar Times
110092	Sugar Times
110094	Sugar Times
110095	Sugar Times
110096	Sugar Times
110097	Sugar Times
110098	Sugar Times
110099	Sugar Times
110100	Sugar Times
110101	Sugar Times
110102	Sugar Times
110103	Sugar Times
110104	Sugar Times
110105	Sugar Times
110106	Sugar Times
110107	Sugar Times
110108	Sugar Times
110109	Sugar Times
110110	Sugar Times
110111	Sugar Times
110112	Sugar Times
110113	Sugar Times
110115	Sugar Times
110116	Sugar Times
110117	Sugar Times
110118	Sugar Times
110119	Sugar Times
110120	Sugar Times
110121	Sugar Times
110122	Sugar Times
110123	Sugar Times
110124	Sugar Times
110125	Sugar Times
110127	Sugar Times
110128	Sugar Times
110129	Sugar Times
110130	Sugar Times
110131	Sugar Times
110132	Sugar Times
110133	Sugar Times
110134	Sugar Times
110135	Sugar Times
110136	Sugar Times
110137	Sugar Times
110138	Sugar Times
110139	Sugar Times
110140	Sugar Times
110141	Sugar Times
110142	Sugar Times
110143	Sugar Times
110144	Sugar Times
110145	Sugar Times
110147	Sugar Times
110148	Sugar Times
110149	Sugar Times
110150	Sugar Times
110151	Sugar Times
110152	Sugar Times
110153	Sugar Times
110154	Sugar Times
110155	Sugar Times
110156	Sugar Times
110157	Sugar Times
110158	Sugar Times
110160	Sugar Times
110161	Sugar Times
110162	Sugar Times
110163	Sugar Times
110164	Sugar Times
110165	Sugar Times
110166	Sugar Times
110167	Sugar Times
110168	Sugar Times
110169	Sugar Times
110170	Sugar Times
110171	Sugar Times
110172	Sugar Times
110173	Sugar Times
110174	Sugar Times
110175	Sugar Times
110177	Sugar Times
110178	Sugar Times
110179	Sugar Times
110180	Sugar Times
110181	Sugar Times
110182	Sugar Times
110183	Sugar Times
110184	Sugar Times
110185	Sugar Times
110186	Sugar Times
110188	Sugar Times
110189	Sugar Times
110190	Sugar Times
110191	Sugar Times
110192	Sugar Times
110193	Sugar Times
110194	Sugar Times
110195	Sugar Times
110196	Sugar Times
110197	Sugar Times
110198	Sugar Times
110199	Sugar Times
110200	Sugar Times
110201	Sugar Times
110202	Sugar Times
110203	Sugar Times
110204	Sugar Times
110205	Sugar Times
110206	Sugar Times
110208	Sugar Times
110209	Sugar Times
110210	Sugar Times
110211	Sugar Times
110212	Sugar Times
110213	Sugar Times
110214	Sugar Times
110216	Sugar Times
110217	Sugar Times
110219	Sugar Times
110220	Sugar Times
110221	Sugar Times
110222	Sugar Times
110223	Sugar Times
110224	Sugar Times
110230	Sugar Times
110231	Sugar Times
110246	Sugar Times
110247	Sugar Times
110248	Sugar Times
110249	Sugar Times
110250	Sugar Times
110251	Sugar Times
110252	Sugar Times
110253	Sugar Times
110254	Sugar Times
110255	Sugar Times
110256	Sugar Times
110258	Sugar Times
110259	Sugar Times
110260	Sugar Times
110261	Sugar Times
110262	Sugar Times
110263	Sugar Times
110264	Sugar Times
110265	Sugar Times
110266	Sugar Times
110267	Sugar Times
110268	Sugar Times
110270	Sugar Times
110271	Sugar Times
110272	Sugar Times
110273	Sugar Times
110274	Sugar Times
110275	Sugar Times
110276	Sugar Times
110277	Sugar Times
110278	Sugar Times
110279	Sugar Times
110280	Sugar Times
110281	Sugar Times
110282	Sugar Times
110283	Sugar Times
110284	Sugar Times
110285	Sugar Times
110286	Sugar Times
110287	Sugar Times
110289	Sugar Times
110290	Sugar Times
110291	Sugar Times
110292	Sugar Times
110293	Sugar Times
110294	Sugar Times
110295	Sugar Times
110296	Sugar Times
110297	Sugar Times
110298	Sugar Times
110300	Sugar Times
110301	Sugar Times
110302	Sugar Times
110303	Sugar Times
110304	Sugar Times
110305	Sugar Times
110326	Sugar Times
110327	Sugar Times
110328	Sugar Times
110329	Sugar Times
110330	Sugar Times
110331	Sugar Times
110332	Sugar Times
110333	Sugar Times
110334	Sugar Times
110335	Sugar Times
110336	Sugar Times
110337	Sugar Times
110339	Sugar Times
110340	Sugar Times
110341	Sugar Times
110342	Sugar Times
110343	Sugar Times
110344	Sugar Times
110345	Sugar Times
110346	Sugar Times
110347	Sugar Times
110349	Sugar Times
110350	Sugar Times
110351	Sugar Times
110352	Sugar Times
110353	Sugar Times
110354	Sugar Times
110355	Sugar Times
110356	Sugar Times
110358	Sugar Times
110359	Sugar Times
110368	Sugar Times
110369	Sugar Times
110370	Sugar Times
110371	Sugar Times
110372	Sugar Times
110373	Sugar Times
110374	Sugar Times
110375	Sugar Times
110376	Sugar Times
110377	Sugar Times
110379	Sugar Times
110380	Sugar Times
110381	Sugar Times
110382	Sugar Times
110383	Sugar Times
110384	Sugar Times
110385	Sugar Times
110386	Sugar Times
110387	Sugar Times
110396	Sugar Times
110398	Sugar Times
110399	Sugar Times
110400	Sugar Times
110401	Sugar Times
110402	Sugar Times
110403	Sugar Times
110404	Sugar Times
110405	Sugar Times
110439	Sugar Times
110440	Sugar Times
110441	Sugar Times
110442	Sugar Times
110443	Sugar Times
110444	Sugar Times
110445	Sugar Times
110446	Sugar Times
110447	Sugar Times
110448	Sugar Times
110450	Sugar Times
110451	Sugar Times
110452	Sugar Times
110453	Sugar Times
110454	Sugar Times
110455	Sugar Times
110456	Sugar Times
110457	Sugar Times
110458	Sugar Times
110459	Sugar Times
110461	Sugar Times
110462	Sugar Times
110463	Sugar Times
110464	Sugar Times
110465	Sugar Times
110466	Sugar Times
110467	Sugar Times
110489	Sugar Times
110490	Sugar Times
110491	Sugar Times
110492	Sugar Times
110493	Sugar Times
110494	Sugar Times
110495	Sugar Times
110496	Sugar Times
110497	Sugar Times
110498	Sugar Times
110499	Sugar Times
110500	Sugar Times
110502	Sugar Times
110503	Sugar Times
110504	Sugar Times
110505	Sugar Times
110506	Sugar Times
110507	Sugar Times
110508	Sugar Times
110509	Sugar Times
110511	Sugar Times
110512	Sugar Times
110513	Sugar Times
110514	Sugar Times
110515	Sugar Times
110516	Sugar Times
110517	Sugar Times
110518	Sugar Times
110519	Sugar Times
110520	Sugar Times
110521	Sugar Times
110522	Sugar Times
110523	Sugar Times
110524	Sugar Times
110525	Sugar Times
110526	Sugar Times
110527	Sugar Times
110528	Sugar Times
110529	Sugar Times
110531	Sugar Times
110532	Sugar Times
110533	Sugar Times
110534	Sugar Times
110535	Sugar Times
110536	Sugar Times
110537	Sugar Times
110538	Sugar Times
110539	Sugar Times
110540	Sugar Times
110549	Sugar Times
110551	Sugar Times
110577	Sugar Times
110578	Sugar Times
110579	Sugar Times
110580	Sugar Times
110581	Sugar Times
110582	Sugar Times
110583	Sugar Times
110584	Sugar Times
110585	Sugar Times
110586	Sugar Times
110588	Sugar Times
110589	Sugar Times
110590	Sugar Times
110591	Sugar Times
110592	Sugar Times
110593	Sugar Times
110594	Sugar Times
110595	Sugar Times
110596	Sugar Times
110597	Sugar Times
110598	Sugar Times
110600	Sugar Times
110601	Sugar Times
110602	Sugar Times
110603	Sugar Times
110604	Sugar Times
110605	Sugar Times
110606	Sugar Times
110607	Sugar Times
110617	Sugar Times
110618	Sugar Times
110619	Sugar Times
110620	Sugar Times
110621	Sugar Times
110622	Sugar Times
110623	Sugar Times
110624	Sugar Times
110625	Sugar Times
110626	Sugar Times
110627	Sugar Times
110628	Sugar Times
110630	Sugar Times
110631	Sugar Times
110632	Sugar Times
110633	Sugar Times
110634	Sugar Times
110635	Sugar Times
110636	Sugar Times
110637	Sugar Times
110638	Sugar Times
110640	Sugar Times
110641	Sugar Times
110642	Sugar Times
110643	Sugar Times
110644	Sugar Times
110645	Sugar Times
110649	Sugar Times
110672	Sugar Times
110673	Sugar Times
110674	Sugar Times
110675	Sugar Times
110676	Sugar Times
110677	Sugar Times
110678	Sugar Times
110679	Sugar Times
110680	Sugar Times
110681	Sugar Times
110682	Sugar Times
110683	Sugar Times
110685	Sugar Times
110686	Sugar Times
110687	Sugar Times
110688	Sugar Times
110689	Sugar Times
110690	Sugar Times
110691	Sugar Times
110692	Sugar Times
110693	Sugar Times
110694	Sugar Times
110695	Sugar Times
110697	Sugar Times
110698	Sugar Times
110699	Sugar Times
110700	Sugar Times
110701	Sugar Times
110702	Sugar Times
110703	Sugar Times
110704	Sugar Times
110705	Sugar Times
110706	Sugar Times
110707	Sugar Times
110708	Sugar Times
110709	Sugar Times
110710	Sugar Times
110711	Sugar Times
110712	Sugar Times
110713	Sugar Times
110714	Sugar Times
110715	Sugar Times
110716	Sugar Times
110718	Sugar Times
110719	Sugar Times
110720	Sugar Times
110721	Sugar Times
110722	Sugar Times
110723	Sugar Times
110724	Sugar Times
110725	Sugar Times
110726	Sugar Times
110727	Sugar Times
110728	Sugar Times
110729	Sugar Times
110731	Sugar Times
110732	Sugar Times
110733	Sugar Times
110734	Sugar Times
110735	Sugar Times
110736	Sugar Times
110737	Sugar Times
110738	Sugar Times
110764	Sugar Times
110765	Sugar Times
110766	Sugar Times
110767	Sugar Times
110768	Sugar Times
110769	Sugar Times
110770	Sugar Times
110771	Sugar Times
110772	Sugar Times
110773	Sugar Times
110774	Sugar Times
110775	Sugar Times
110777	Sugar Times
110778	Sugar Times
110779	Sugar Times
110780	Sugar Times
110781	Sugar Times
110782	Sugar Times
110783	Sugar Times
110784	Sugar Times
110785	Sugar Times
110787	Sugar Times
110788	Sugar Times
110789	Sugar Times
110790	Sugar Times
110792	Sugar Times
110793	Sugar Times
110794	Sugar Times
110795	Sugar Times
110796	Sugar Times
110811	Sugar Times
110812	Sugar Times
110813	Sugar Times
110814	Sugar Times
110815	Sugar Times
110816	Sugar Times
110817	Sugar Times
110818	Sugar Times
110819	Sugar Times
110820	Sugar Times
110822	Sugar Times
110823	Sugar Times
110824	Sugar Times
110825	Sugar Times
110826	Sugar Times
110827	Sugar Times
110828	Sugar Times
110829	Sugar Times
110830	Sugar Times
110832	Sugar Times
110833	Sugar Times
110834	Sugar Times
110835	Sugar Times
110836	Sugar Times
110837	Sugar Times
110838	Sugar Times
110839	Sugar Times
110840	Sugar Times
110841	Sugar Times
110842	Sugar Times
110843	Sugar Times
110844	Sugar Times
110845	Sugar Times
110846	Sugar Times
110847	Sugar Times
110848	Sugar Times
110850	Sugar Times
110851	Sugar Times
110852	Sugar Times
110853	Sugar Times
110854	Sugar Times
110855	Sugar Times
110856	Sugar Times
110857	Sugar Times
110858	Sugar Times
110859	Sugar Times
110861	Sugar Times
110862	Sugar Times
110863	Sugar Times
110864	Sugar Times
110865	Sugar Times
110866	Sugar Times
110867	Sugar Times
110899	Sugar Times
110900	Sugar Times
110901	Sugar Times
110902	Sugar Times
110903	Sugar Times
110904	Sugar Times
110905	Sugar Times
110906	Sugar Times
110907	Sugar Times
110908	Sugar Times
110909	Sugar Times
110910	Sugar Times
110912	Sugar Times
110913	Sugar Times
110914	Sugar Times
110915	Sugar Times
110916	Sugar Times
110917	Sugar Times
110918	Sugar Times
110919	Sugar Times
110920	Sugar Times
110922	Sugar Times
110924	Sugar Times
110927	Sugar Times
110930	Sugar Times
110937	Sugar Times
110938	Sugar Times
110942	Sugar Times
110954	Sugar Times
110956	Sugar Times
110958	Sugar Times
110959	Sugar Times
110960	Sugar Times
110961	Sugar Times
110962	Sugar Times
110963	Sugar Times
110964	Sugar Times
110965	Sugar Times
110966	Sugar Times
110967	Sugar Times
110968	Sugar Times
110970	Sugar Times
110971	Sugar Times
110972	Sugar Times
110973	Sugar Times
110974	Sugar Times
110975	Sugar Times
110976	Sugar Times
110977	Sugar Times
110978	Sugar Times
110979	Sugar Times
110980	Sugar Times
110982	Sugar Times
110984	Sugar Times
110985	Sugar Times
110986	Sugar Times
110989	Sugar Times
110994	Sugar Times
111001	Sugar Times
111002	Sugar Times
111005	Sugar Times
111011	Sugar Times
111012	Sugar Times
111013	Sugar Times
111014	Sugar Times
111015	Sugar Times
111016	Sugar Times
111017	Sugar Times
111018	Sugar Times
111019	Sugar Times
111020	Sugar Times
111021	Sugar Times
111022	Sugar Times
111024	Sugar Times
111025	Sugar Times
111026	Sugar Times
111027	Sugar Times
111028	Sugar Times
111029	Sugar Times
111030	Sugar Times
111031	Sugar Times
111032	Sugar Times
111034	Sugar Times
111035	Sugar Times
111036	Sugar Times
111037	Sugar Times
111038	Sugar Times
111039	Sugar Times
111040	Sugar Times
111041	Sugar Times
111042	Sugar Times
111043	Sugar Times
111044	Sugar Times
111045	Sugar Times
111046	Sugar Times
111047	Sugar Times
111048	Sugar Times
111049	Sugar Times
111050	Sugar Times
111051	Sugar Times
111052	Sugar Times
111053	Sugar Times
111054	Sugar Times
111056	Sugar Times
111057	Sugar Times
111058	Sugar Times
111059	Sugar Times
111060	Sugar Times
111061	Sugar Times
111062	Sugar Times
111063	Sugar Times
111064	Sugar Times
111065	Sugar Times
111066	Sugar Times
111068	Sugar Times
111069	Sugar Times
111070	Sugar Times
111072	Sugar Times
111073	Sugar Times
111074	Sugar Times
111122	Sugar Times
111123	Sugar Times
111124	Sugar Times
111125	Sugar Times
111126	Sugar Times
111127	Sugar Times
111128	Sugar Times
111129	Sugar Times
111130	Sugar Times
111131	Sugar Times
111133	Sugar Times
111134	Sugar Times
111135	Sugar Times
111136	Sugar Times
111137	Sugar Times
111138	Sugar Times
111139	Sugar Times
111140	Sugar Times
111141	Sugar Times
111142	Sugar Times
111144	Sugar Times
111145	Sugar Times
111146	Sugar Times
111147	Sugar Times
111148	Sugar Times
111149	Sugar Times
111150	Sugar Times
111151	Sugar Times
111152	Sugar Times
111153	Sugar Times
111154	Sugar Times
111155	Sugar Times
111156	Sugar Times
111157	Sugar Times
111158	Sugar Times
111159	Sugar Times
111160	Sugar Times
111161	Sugar Times
111163	Sugar Times
111164	Sugar Times
111165	Sugar Times
111166	Sugar Times
111167	Sugar Times
111168	Sugar Times
111169	Sugar Times
111171	Sugar Times
111172	Sugar Times
111173	Sugar Times
111174	Sugar Times
111175	Sugar Times
111176	Sugar Times
111177	Sugar Times
111195	Sugar Times
111196	Sugar Times
111200	Sugar Times
111201	Sugar Times
111202	Sugar Times
111203	Sugar Times
111204	Sugar Times
111205	Sugar Times
111206	Sugar Times
111207	Sugar Times
111208	Sugar Times
111209	Sugar Times
111211	Sugar Times
111212	Sugar Times
111213	Sugar Times
111214	Sugar Times
111215	Sugar Times
111216	Sugar Times
111217	Sugar Times
111219	Sugar Times
111220	Sugar Times
111221	Sugar Times
111223	Sugar Times
111224	Sugar Times
111225	Sugar Times
111226	Sugar Times
111227	Sugar Times
111228	Sugar Times
111229	Sugar Times
111230	Sugar Times
111231	Sugar Times
111232	Sugar Times
111233	Sugar Times
111234	Sugar Times
111235	Sugar Times
111236	Sugar Times
111237	Sugar Times
111238	Sugar Times
111240	Sugar Times
111241	Sugar Times
111242	Sugar Times
111243	Sugar Times
111244	Sugar Times
111245	Sugar Times
111246	Sugar Times
111247	Sugar Times
111248	Sugar Times
111249	Sugar Times
111251	Sugar Times
111252	Sugar Times
111253	Sugar Times
111254	Sugar Times
111255	Sugar Times
111256	Sugar Times
111257	Sugar Times
111258	Sugar Times
111287	Sugar Times
111288	Sugar Times
111289	Sugar Times
111290	Sugar Times
111291	Sugar Times
111292	Sugar Times
111293	Sugar Times
111294	Sugar Times
111295	Sugar Times
111296	Sugar Times
111297	Sugar Times
111298	Sugar Times
111300	Sugar Times
111301	Sugar Times
111302	Sugar Times
111303	Sugar Times
111304	Sugar Times
111305	Sugar Times
111306	Sugar Times
111307	Sugar Times
111308	Sugar Times
111310	Sugar Times
111311	Sugar Times
111312	Sugar Times
111313	Sugar Times
111314	Sugar Times
111315	Sugar Times
111316	Sugar Times
111317	Sugar Times
111318	Sugar Times
111319	Sugar Times
111320	Sugar Times
111321	Sugar Times
111322	Sugar Times
111323	Sugar Times
111324	Sugar Times
111325	Sugar Times
111326	Sugar Times
111327	Sugar Times
111328	Sugar Times
111330	Sugar Times
111331	Sugar Times
111332	Sugar Times
111333	Sugar Times
111334	Sugar Times
111335	Sugar Times
111336	Sugar Times
111337	Sugar Times
111338	Sugar Times
111339	Sugar Times
111340	Sugar Times
111342	Sugar Times
111343	Sugar Times
111344	Sugar Times
111345	Sugar Times
111346	Sugar Times
111347	Sugar Times
111348	Sugar Times
111349	Sugar Times
111350	Sugar Times
111351	Sugar Times
111352	Sugar Times
111353	Sugar Times
111354	Sugar Times
111355	Sugar Times
111356	Sugar Times
111357	Sugar Times
111359	Sugar Times
111360	Sugar Times
111361	Sugar Times
111362	Sugar Times
111363	Sugar Times
111364	Sugar Times
111365	Sugar Times
111366	Sugar Times
111367	Sugar Times
111368	Sugar Times
111370	Sugar Times
111371	Sugar Times
111372	Sugar Times
111373	Sugar Times
111374	Sugar Times
111375	Sugar Times
111376	Sugar Times
111377	Sugar Times
111378	Sugar Times
111379	Sugar Times
111380	Sugar Times
111381	Sugar Times
111383	Sugar Times
111384	Sugar Times
111385	Sugar Times
111386	Sugar Times
111387	Sugar Times
111388	Sugar Times
111389	Sugar Times
111390	Sugar Times
111392	Sugar Times
111393	Sugar Times
111394	Sugar Times
111395	Sugar Times
111396	Sugar Times
111397	Sugar Times
111398	Sugar Times
111399	Sugar Times
111400	Sugar Times
111401	Sugar Times
111402	Sugar Times
111403	Sugar Times
111404	Sugar Times
111405	Sugar Times
111406	Sugar Times
111407	Sugar Times
111408	Sugar Times
111409	Sugar Times
111411	Sugar Times
111412	Sugar Times
111413	Sugar Times
111414	Sugar Times
111415	Sugar Times
111416	Sugar Times
111417	Sugar Times
111418	Sugar Times
111419	Sugar Times
111420	Sugar Times
111422	Sugar Times
111424	Sugar Times
111425	Sugar Times
111426	Sugar Times
111427	Sugar Times
111428	Sugar Times
111429	Sugar Times
111430	Sugar Times
111431	Sugar Times
111432	Sugar Times
111433	Sugar Times
111434	Sugar Times
111435	Sugar Times
111436	Sugar Times
111437	Sugar Times
111438	Sugar Times
111439	Sugar Times
111440	Sugar Times
111441	Sugar Times
111443	Sugar Times
111444	Sugar Times
111445	Sugar Times
111446	Sugar Times
111447	Sugar Times
111448	Sugar Times
111449	Sugar Times
111450	Sugar Times
111451	Sugar Times
111452	Sugar Times
111453	Sugar Times
111455	Sugar Times
111456	Sugar Times
111457	Sugar Times
111458	Sugar Times
111462	Sugar Times
111464	Sugar Times
111468	Sugar Times
111470	Sugar Times
111471	Sugar Times
111472	Sugar Times
111473	Sugar Times
111474	Sugar Times
111475	Sugar Times
111476	Sugar Times
111477	Sugar Times
111478	Sugar Times
111479	Sugar Times
111480	Sugar Times
111482	Sugar Times
111483	Sugar Times
111484	Sugar Times
111485	Sugar Times
111486	Sugar Times
111487	Sugar Times
111488	Sugar Times
111489	Sugar Times
111491	Sugar Times
111492	Sugar Times
111493	Sugar Times
111494	Sugar Times
111495	Sugar Times
111496	Sugar Times
111497	Sugar Times
111498	Sugar Times
111499	Sugar Times
111500	Sugar Times
111501	Sugar Times
111502	Sugar Times
111503	Sugar Times
111504	Sugar Times
111505	Sugar Times
111506	Sugar Times
111507	Sugar Times
111509	Sugar Times
111510	Sugar Times
111511	Sugar Times
111512	Sugar Times
111513	Sugar Times
111514	Sugar Times
111515	Sugar Times
111516	Sugar Times
111518	Sugar Times
111519	Sugar Times
111520	Sugar Times
111521	Sugar Times
111522	Sugar Times
111523	Sugar Times
111524	Sugar Times
111525	Sugar Times
111526	Sugar Times
111527	Sugar Times
111528	Sugar Times
111529	Sugar Times
111530	Sugar Times
111531	Sugar Times
111532	Sugar Times
111534	Sugar Times
111535	Sugar Times
111536	Sugar Times
111537	Sugar Times
111538	Sugar Times
111539	Sugar Times
111540	Sugar Times
111541	Sugar Times
111542	Sugar Times
111544	Sugar Times
111545	Sugar Times
111546	Sugar Times
111547	Sugar Times
111548	Sugar Times
111549	Sugar Times
111550	Sugar Times
111551	Sugar Times
111552	Sugar Times
111553	Sugar Times
111554	Sugar Times
111555	Sugar Times
111556	Sugar Times
111558	Sugar Times
111559	Sugar Times
111560	Sugar Times
111561	Sugar Times
111562	Sugar Times
111563	Sugar Times
111564	Sugar Times
111566	Sugar Times
111567	Sugar Times
111568	Sugar Times
111569	Sugar Times
111570	Sugar Times
111571	Sugar Times
111572	Sugar Times
111573	Sugar Times
111574	Sugar Times
111575	Sugar Times
111576	Sugar Times
111577	Sugar Times
111578	Sugar Times
111579	Sugar Times
111580	Sugar Times
111581	Sugar Times
111582	Sugar Times
111583	Sugar Times
111584	Sugar Times
111586	Sugar Times
111587	Sugar Times
111588	Sugar Times
111589	Sugar Times
111590	Sugar Times
111591	Sugar Times
111592	Sugar Times
111593	Sugar Times
111594	Sugar Times
111596	Sugar Times
111597	Sugar Times
111598	Sugar Times
111599	Sugar Times
111600	Sugar Times
111601	Sugar Times
111602	Sugar Times
111603	Sugar Times
111604	Sugar Times
111605	Sugar Times
111606	Sugar Times
111607	Sugar Times
111608	Sugar Times
111609	Sugar Times
111610	Sugar Times
111611	Sugar Times
111613	Sugar Times
111614	Sugar Times
111615	Sugar Times
111616	Sugar Times
111617	Sugar Times
111618	Sugar Times
111619	Sugar Times
111620	Sugar Times
111621	Sugar Times
111622	Sugar Times
111624	Sugar Times
111625	Sugar Times
111626	Sugar Times
111627	Sugar Times
111628	Sugar Times
111629	Sugar Times
111630	Sugar Times
111631	Sugar Times
111632	Sugar Times
111633	Sugar Times
111634	Sugar Times
111635	Sugar Times
111636	Sugar Times
111637	Sugar Times
111638	Sugar Times
111639	Sugar Times
111640	Sugar Times
111641	Sugar Times
111643	Sugar Times
111644	Sugar Times
111645	Sugar Times
111646	Sugar Times
111647	Sugar Times
111648	Sugar Times
111649	Sugar Times
111650	Sugar Times
111652	Sugar Times
111653	Sugar Times
111654	Sugar Times
111655	Sugar Times
111656	Sugar Times
111657	Sugar Times
111658	Sugar Times
111659	Sugar Times
111660	Sugar Times
111661	Sugar Times
111662	Sugar Times
111663	Sugar Times
111664	Sugar Times
111665	Sugar Times
111666	Sugar Times
111667	Sugar Times
111668	Sugar Times
111669	Sugar Times
111670	Sugar Times
111671	Sugar Times
111672	Sugar Times
111674	Sugar Times
111675	Sugar Times
111676	Sugar Times
111677	Sugar Times
111678	Sugar Times
111679	Sugar Times
111680	Sugar Times
111681	Sugar Times
111682	Sugar Times
111683	Sugar Times
111685	Sugar Times
111686	Sugar Times
111687	Sugar Times
111688	Sugar Times
111689	Sugar Times
111690	Sugar Times
111691	Sugar Times
111692	Sugar Times
111693	Sugar Times
111694	Sugar Times
111695	Sugar Times
111696	Sugar Times
111697	Sugar Times
111698	Sugar Times
111699	Sugar Times
111701	Sugar Times
111702	Sugar Times
111703	Sugar Times
111704	Sugar Times
111705	Sugar Times
111706	Sugar Times
111707	Sugar Times
111708	Sugar Times
111709	Sugar Times
111710	Sugar Times
111712	Sugar Times
111713	Sugar Times
111714	Sugar Times
111715	Sugar Times
111716	Sugar Times
111717	Sugar Times
111718	Sugar Times
111719	Sugar Times
111720	Sugar Times
111722	Sugar Times
111723	Sugar Times
111724	Sugar Times
111725	Sugar Times
111726	Sugar Times
111727	Sugar Times
111728	Sugar Times
111730	Sugar Times
111731	Sugar Times
111732	Sugar Times
111733	Sugar Times
111734	Sugar Times
111735	Sugar Times
111736	Sugar Times
111737	Sugar Times
111738	Sugar Times
111739	Sugar Times
111740	Sugar Times
111741	Sugar Times
111742	Sugar Times
111743	Sugar Times
111744	Sugar Times
111745	Sugar Times
111746	Sugar Times
111747	Sugar Times
111748	Sugar Times
111750	Sugar Times
111751	Sugar Times
111752	Sugar Times
111753	Sugar Times
111754	Sugar Times
111755	Sugar Times
111756	Sugar Times
111757	Sugar Times
111758	Sugar Times
111759	Sugar Times
111761	Sugar Times
111762	Sugar Times
111763	Sugar Times
111764	Sugar Times
111765	Sugar Times
111766	Sugar Times
111767	Sugar Times
111768	Sugar Times
111769	Sugar Times
111770	Sugar Times
111771	Sugar Times
111772	Sugar Times
111773	Sugar Times
111774	Sugar Times
111775	Sugar Times
111776	Sugar Times
111777	Sugar Times
111778	Sugar Times
111780	Sugar Times
111781	Sugar Times
111782	Sugar Times
111783	Sugar Times
111784	Sugar Times
111785	Sugar Times
111786	Sugar Times
111787	Sugar Times
111788	Sugar Times
111789	Sugar Times
111791	Sugar Times
111793	Sugar Times
111794	Sugar Times
111795	Sugar Times
111796	Sugar Times
111797	Sugar Times
111798	Sugar Times
111799	Sugar Times
111800	Sugar Times
111801	Sugar Times
111802	Sugar Times
111803	Sugar Times
111804	Sugar Times
111805	Sugar Times
111806	Sugar Times
111807	Sugar Times
111808	Sugar Times
111809	Sugar Times
111810	Sugar Times
111811	Sugar Times
111813	Sugar Times
111814	Sugar Times
111815	Sugar Times
111816	Sugar Times
111817	Sugar Times
111818	Sugar Times
111819	Sugar Times
111820	Sugar Times
111822	Sugar Times
111823	Sugar Times
111824	Sugar Times
111825	Sugar Times
111826	Sugar Times
111827	Sugar Times
111828	Sugar Times
111829	Sugar Times
111830	Sugar Times
111831	Sugar Times
111832	Sugar Times
111833	Sugar Times
111834	Sugar Times
111835	Sugar Times
111836	Sugar Times
111837	Sugar Times
111838	Sugar Times
111839	Sugar Times
111840	Sugar Times
111841	Sugar Times
111843	Sugar Times
111844	Sugar Times
111845	Sugar Times
111846	Sugar Times
111847	Sugar Times
111848	Sugar Times
111849	Sugar Times
111850	Sugar Times
111851	Sugar Times
111852	Sugar Times
111853	Sugar Times
111855	Sugar Times
111856	Sugar Times
111857	Sugar Times
111858	Sugar Times
111860	Sugar Times
111864	Sugar Times
111868	Sugar Times
111869	Sugar Times
111880	Sugar Times
111881	Sugar Times
111882	Sugar Times
111883	Sugar Times
111884	Sugar Times
111885	Sugar Times
111886	Sugar Times
111887	Sugar Times
111888	Sugar Times
111890	Sugar Times
111891	Sugar Times
111892	Sugar Times
111893	Sugar Times
111894	Sugar Times
111895	Sugar Times
111896	Sugar Times
111897	Sugar Times
111898	Sugar Times
111899	Sugar Times
111900	Sugar Times
111902	Sugar Times
111903	Sugar Times
111904	Sugar Times
111905	Sugar Times
111906	Sugar Times
111907	Sugar Times
111908	Sugar Times
111909	Sugar Times
111910	Sugar Times
111911	Sugar Times
111912	Sugar Times
111913	Sugar Times
111914	Sugar Times
111915	Sugar Times
111916	Sugar Times
111917	Sugar Times
111918	Sugar Times
111919	Sugar Times
111920	Sugar Times
111921	Sugar Times
111923	Sugar Times
111924	Sugar Times
111925	Sugar Times
111926	Sugar Times
111927	Sugar Times
111928	Sugar Times
111929	Sugar Times
111930	Sugar Times
111931	Sugar Times
111932	Sugar Times
111934	Sugar Times
111935	Sugar Times
111936	Sugar Times
111937	Sugar Times
111938	Sugar Times
111939	Sugar Times
111940	Sugar Times
111941	Sugar Times
111942	Sugar Times
111943	Sugar Times
111944	Sugar Times
111945	Sugar Times
111946	Sugar Times
111947	Sugar Times
111948	Sugar Times
111949	Sugar Times
111950	Sugar Times
111951	Sugar Times
111952	Sugar Times
111953	Sugar Times
111955	Sugar Times
111956	Sugar Times
111957	Sugar Times
111958	Sugar Times
111959	Sugar Times
111960	Sugar Times
111961	Sugar Times
111962	Sugar Times
111963	Sugar Times
111964	Sugar Times
111966	Sugar Times
111967	Sugar Times
111969	Sugar Times
111974	Sugar Times
111975	Sugar Times
111976	Sugar Times
111977	Sugar Times
111978	Sugar Times
111979	Sugar Times
111980	Sugar Times
111981	Sugar Times
111982	Sugar Times
111983	Sugar Times
111984	Sugar Times
111985	Sugar Times
111986	Sugar Times
111988	Sugar Times
111989	Sugar Times
111990	Sugar Times
111991	Sugar Times
111992	Sugar Times
111993	Sugar Times
111994	Sugar Times
111995	Sugar Times
111996	Sugar Times
111997	Sugar Times
111998	Sugar Times
112000	Sugar Times
112001	Sugar Times
112002	Sugar Times
112003	Sugar Times
112004	Sugar Times
112005	Sugar Times
112006	Sugar Times
112007	Sugar Times
112008	Sugar Times
112009	Sugar Times
112010	Sugar Times
112011	Sugar Times
112012	Sugar Times
112013	Sugar Times
112014	Sugar Times
112015	Sugar Times
112016	Sugar Times
112017	Sugar Times
112018	Sugar Times
112020	Sugar Times
112021	Sugar Times
112022	Sugar Times
112023	Sugar Times
112024	Sugar Times
112025	Sugar Times
112026	Sugar Times
112027	Sugar Times
112028	Sugar Times
112030	Sugar Times
112031	Sugar Times
112032	Sugar Times
112033	Sugar Times
112034	Sugar Times
112035	Sugar Times
112036	Sugar Times
112037	Sugar Times
112038	Sugar Times
112039	Sugar Times
112040	Sugar Times
112041	Sugar Times
112042	Sugar Times
112043	Sugar Times
112044	Sugar Times
112045	Sugar Times
112046	Sugar Times
112047	Sugar Times
112048	Sugar Times
112049	Sugar Times
112051	Sugar Times
112052	Sugar Times
112053	Sugar Times
112054	Sugar Times
112055	Sugar Times
112056	Sugar Times
112057	Sugar Times
112058	Sugar Times
112059	Sugar Times
112060	Sugar Times
112061	Sugar Times
112063	Sugar Times
112064	Sugar Times
112065	Sugar Times
112066	Sugar Times
112067	Sugar Times
112068	Sugar Times
112069	Sugar Times
112070	Sugar Times
112071	Sugar Times
112072	Sugar Times
112073	Sugar Times
112074	Sugar Times
112075	Sugar Times
112076	Sugar Times
112077	Sugar Times
112078	Sugar Times
112079	Sugar Times
112080	Sugar Times
112082	Sugar Times
112083	Sugar Times
112084	Sugar Times
112085	Sugar Times
112086	Sugar Times
112087	Sugar Times
112088	Sugar Times
112089	Sugar Times
112090	Sugar Times
112091	Sugar Times
112093	Sugar Times
112094	Sugar Times
112095	Sugar Times
112096	Sugar Times
112097	Sugar Times
112098	Sugar Times
112099	Sugar Times
112100	Sugar Times
112101	Sugar Times
112102	Sugar Times
112103	Sugar Times
112104	Sugar Times
112105	Sugar Times
112106	Sugar Times
112107	Sugar Times
112108	Sugar Times
112109	Sugar Times
112110	Sugar Times
112112	Sugar Times
112113	Sugar Times
112114	Sugar Times
112115	Sugar Times
112116	Sugar Times
112117	Sugar Times
112118	Sugar Times
112119	Sugar Times
112121	Sugar Times
112122	Sugar Times
112123	Sugar Times
112124	Sugar Times
112125	Sugar Times
112126	Sugar Times
112127	Sugar Times
112128	Sugar Times
112129	Sugar Times
112130	Sugar Times
112131	Sugar Times
112132	Sugar Times
112133	Sugar Times
112134	Sugar Times
112135	Sugar Times
112136	Sugar Times
112137	Sugar Times
112138	Sugar Times
112139	Sugar Times
112140	Sugar Times
112142	Sugar Times
112143	Sugar Times
112144	Sugar Times
112145	Sugar Times
112146	Sugar Times
112147	Sugar Times
112148	Sugar Times
112149	Sugar Times
112150	Sugar Times
112151	Sugar Times
112152	Sugar Times
112153	Sugar Times
112155	Sugar Times
112156	Sugar Times
112157	Sugar Times
112158	Sugar Times
112159	Sugar Times
112160	Sugar Times
112161	Sugar Times
112162	Sugar Times
112163	Sugar Times
112164	Sugar Times
112165	Sugar Times
112166	Sugar Times
112167	Sugar Times
112168	Sugar Times
112169	Sugar Times
112170	Sugar Times
112171	Sugar Times
112172	Sugar Times
112174	Sugar Times
112175	Sugar Times
112176	Sugar Times
112177	Sugar Times
112178	Sugar Times
112179	Sugar Times
112180	Sugar Times
112181	Sugar Times
112182	Sugar Times
112183	Sugar Times
112184	Sugar Times
112186	Sugar Times
112187	Sugar Times
112188	Sugar Times
112189	Sugar Times
112190	Sugar Times
112191	Sugar Times
112192	Sugar Times
112193	Sugar Times
112194	Sugar Times
112195	Sugar Times
112196	Sugar Times
112197	Sugar Times
112198	Sugar Times
112199	Sugar Times
112200	Sugar Times
112201	Sugar Times
112202	Sugar Times
112203	Sugar Times
112204	Sugar Times
112206	Sugar Times
112207	Sugar Times
112208	Sugar Times
112209	Sugar Times
112210	Sugar Times
112211	Sugar Times
112212	Sugar Times
112213	Sugar Times
112215	Sugar Times
112216	Sugar Times
112217	Sugar Times
112218	Sugar Times
112219	Sugar Times
112220	Sugar Times
112221	Sugar Times
112222	Sugar Times
112223	Sugar Times
112224	Sugar Times
112225	Sugar Times
112226	Sugar Times
112227	Sugar Times
112228	Sugar Times
112229	Sugar Times
112230	Sugar Times
112231	Sugar Times
112232	Sugar Times
112233	Sugar Times
112234	Sugar Times
112236	Sugar Times
112237	Sugar Times
112238	Sugar Times
112239	Sugar Times
112240	Sugar Times
112241	Sugar Times
112242	Sugar Times
112243	Sugar Times
112244	Sugar Times
112245	Sugar Times
112246	Sugar Times
112248	Sugar Times
112249	Sugar Times
112250	Sugar Times
112251	Sugar Times
112252	Sugar Times
112253	Sugar Times
112254	Sugar Times
112255	Sugar Times
112256	Sugar Times
112257	Sugar Times
112258	Sugar Times
112259	Sugar Times
112260	Sugar Times
112261	Sugar Times
112262	Sugar Times
112263	Sugar Times
112264	Sugar Times
112265	Sugar Times
112266	Sugar Times
112268	Sugar Times
112269	Sugar Times
112270	Sugar Times
112271	Sugar Times
112272	Sugar Times
112273	Sugar Times
112274	Sugar Times
112275	Sugar Times
112276	Sugar Times
112277	Sugar Times
112281	Sugar Times
112282	Sugar Times
112283	Sugar Times
112284	Sugar Times
112285	Sugar Times
112286	Sugar Times
112287	Sugar Times
112288	Sugar Times
112289	Sugar Times
112290	Sugar Times
112291	Sugar Times
112292	Sugar Times
112293	Sugar Times
112294	Sugar Times
112295	Sugar Times
112296	Sugar Times
112297	Sugar Times
112298	Sugar Times
112300	Sugar Times
112301	Sugar Times
112302	Sugar Times
112303	Sugar Times
112304	Sugar Times
112305	Sugar Times
112306	Sugar Times
112307	Sugar Times
112310	Sugar Times
112313	Sugar Times
112320	Sugar Times
112324	Sugar Times
112326	Sugar Times
112328	Sugar Times
112330	Sugar Times
112335	Sugar Times
112336	Sugar Times
112337	Sugar Times
112338	Sugar Times
112339	Sugar Times
112340	Sugar Times
112341	Sugar Times
112342	Sugar Times
112343	Sugar Times
112344	Sugar Times
112345	Sugar Times
112347	Sugar Times
112348	Sugar Times
112349	Sugar Times
112350	Sugar Times
112351	Sugar Times
112352	Sugar Times
112353	Sugar Times
112354	Sugar Times
112355	Sugar Times
112356	Sugar Times
112357	Sugar Times
112359	Sugar Times
112360	Sugar Times
112361	Sugar Times
112362	Sugar Times
112364	Sugar Times
112365	Sugar Times
112366	Sugar Times
112383	Sugar Times
112384	Sugar Times
112385	Sugar Times
112386	Sugar Times
112387	Sugar Times
112388	Sugar Times
112389	Sugar Times
112390	Sugar Times
112391	Sugar Times
112392	Sugar Times
112394	Sugar Times
112395	Sugar Times
112396	Sugar Times
112397	Sugar Times
112398	Sugar Times
112399	Sugar Times
112400	Sugar Times
112401	Sugar Times
112402	Sugar Times
112404	Sugar Times
112408	Sugar Times
112411	Sugar Times
112416	Sugar Times
112418	Sugar Times
112419	Sugar Times
112421	Sugar Times
112424	Sugar Times
112427	Sugar Times
112431	Sugar Times
112432	Sugar Times
112433	Sugar Times
112434	Sugar Times
112435	Sugar Times
112436	Sugar Times
112437	Sugar Times
112438	Sugar Times
112439	Sugar Times
112440	Sugar Times
112441	Sugar Times
112442	Sugar Times
112444	Sugar Times
112445	Sugar Times
112446	Sugar Times
112447	Sugar Times
112448	Sugar Times
112449	Sugar Times
112450	Sugar Times
112451	Sugar Times
112452	Sugar Times
112453	Sugar Times
112455	Sugar Times
112456	Sugar Times
112457	Sugar Times
112458	Sugar Times
112459	Sugar Times
112460	Sugar Times
112461	Sugar Times
112462	Sugar Times
112463	Sugar Times
112464	Sugar Times
112465	Sugar Times
112466	Sugar Times
112467	Sugar Times
112468	Sugar Times
112469	Sugar Times
112471	Sugar Times
112472	Sugar Times
112473	Sugar Times
112474	Sugar Times
112475	Sugar Times
112476	Sugar Times
112477	Sugar Times
112478	Sugar Times
112479	Sugar Times
112480	Sugar Times
112482	Sugar Times
112483	Sugar Times
112484	Sugar Times
112495	Sugar Times
112501	Sugar Times
112504	Sugar Times
112507	Sugar Times
112511	Sugar Times
112512	Sugar Times
112513	Sugar Times
112514	Sugar Times
112515	Sugar Times
112516	Sugar Times
112517	Sugar Times
112518	Sugar Times
112519	Sugar Times
112520	Sugar Times
112522	Sugar Times
112523	Sugar Times
112524	Sugar Times
112525	Sugar Times
112526	Sugar Times
112527	Sugar Times
112528	Sugar Times
112529	Sugar Times
112530	Sugar Times
112531	Sugar Times
112532	Sugar Times
112533	Sugar Times
112535	Sugar Times
112536	Sugar Times
112537	Sugar Times
112538	Sugar Times
112539	Sugar Times
112540	Sugar Times
112541	Sugar Times
112542	Sugar Times
112543	Sugar Times
112544	Sugar Times
112545	Sugar Times
112546	Sugar Times
112547	Sugar Times
112548	Sugar Times
112549	Sugar Times
112550	Sugar Times
112551	Sugar Times
112552	Sugar Times
112553	Sugar Times
112554	Sugar Times
112556	Sugar Times
112557	Sugar Times
112558	Sugar Times
112559	Sugar Times
112560	Sugar Times
112561	Sugar Times
112562	Sugar Times
112563	Sugar Times
112564	Sugar Times
112566	Sugar Times
112567	Sugar Times
112568	Sugar Times
112569	Sugar Times
112570	Sugar Times
112571	Sugar Times
112572	Sugar Times
112573	Sugar Times
112574	Sugar Times
112575	Sugar Times
112576	Sugar Times
112577	Sugar Times
112578	Sugar Times
112579	Sugar Times
112580	Sugar Times
112581	Sugar Times
112582	Sugar Times
112583	Sugar Times
112584	Sugar Times
112585	Sugar Times
112587	Sugar Times
112588	Sugar Times
112589	Sugar Times
112590	Sugar Times
112591	Sugar Times
112592	Sugar Times
112593	Sugar Times
112594	Sugar Times
112595	Sugar Times
112596	Sugar Times
112597	Sugar Times
112599	Sugar Times
112600	Sugar Times
112601	Sugar Times
112603	Sugar Times
112604	Sugar Times
112605	Sugar Times
112606	Sugar Times
112607	Sugar Times
112608	Sugar Times
112609	Sugar Times
112610	Sugar Times
112611	Sugar Times
112612	Sugar Times
112613	Sugar Times
112614	Sugar Times
112615	Sugar Times
112616	Sugar Times
112617	Sugar Times
112619	Sugar Times
112620	Sugar Times
112621	Sugar Times
112622	Sugar Times
112623	Sugar Times
112624	Sugar Times
112625	Sugar Times
112626	Sugar Times
112627	Sugar Times
112628	Sugar Times
112629	Sugar Times
112631	Sugar Times
112632	Sugar Times
112633	Sugar Times
112634	Sugar Times
112635	Sugar Times
112636	Sugar Times
112637	Sugar Times
112638	Sugar Times
112639	Sugar Times
112640	Sugar Times
112641	Sugar Times
112642	Sugar Times
112643	Sugar Times
112644	Sugar Times
112645	Sugar Times
112646	Sugar Times
112647	Sugar Times
112648	Sugar Times
112649	Sugar Times
112650	Sugar Times
112651	Sugar Times
112653	Sugar Times
112654	Sugar Times
112655	Sugar Times
112656	Sugar Times
112657	Sugar Times
112658	Sugar Times
112659	Sugar Times
112660	Sugar Times
112661	Sugar Times
112662	Sugar Times
112664	Sugar Times
112666	Sugar Times
112673	Sugar Times
112684	Sugar Times
112694	Sugar Times
112695	Sugar Times
112696	Sugar Times
112697	Sugar Times
112698	Sugar Times
112699	Sugar Times
112700	Sugar Times
112701	Sugar Times
112702	Sugar Times
112703	Sugar Times
112704	Sugar Times
112705	Sugar Times
112706	Sugar Times
112707	Sugar Times
112708	Sugar Times
112709	Sugar Times
112711	Sugar Times
112712	Sugar Times
112713	Sugar Times
112714	Sugar Times
112715	Sugar Times
112716	Sugar Times
112717	Sugar Times
112718	Sugar Times
112719	Sugar Times
112720	Sugar Times
112721	Sugar Times
112722	Sugar Times
112724	Sugar Times
112725	Sugar Times
112726	Sugar Times
112727	Sugar Times
112728	Sugar Times
112729	Sugar Times
112730	Sugar Times
112731	Sugar Times
112732	Sugar Times
112733	Sugar Times
112734	Sugar Times
112735	Sugar Times
112736	Sugar Times
112737	Sugar Times
112738	Sugar Times
112739	Sugar Times
112740	Sugar Times
112741	Sugar Times
112743	Sugar Times
112744	Sugar Times
112745	Sugar Times
112746	Sugar Times
112747	Sugar Times
112748	Sugar Times
112749	Sugar Times
112750	Sugar Times
112751	Sugar Times
112753	Sugar Times
112755	Sugar Times
112757	Sugar Times
112763	Sugar Times
112772	Sugar Times
112773	Sugar Times
112774	Sugar Times
112775	Sugar Times
112777	Sugar Times
112778	Sugar Times
112779	Sugar Times
112780	Sugar Times
112781	Sugar Times
112782	Sugar Times
112783	Sugar Times
112784	Sugar Times
112785	Sugar Times
112786	Sugar Times
112787	Sugar Times
112789	Sugar Times
112790	Sugar Times
112791	Sugar Times
112792	Sugar Times
112793	Sugar Times
112794	Sugar Times
112795	Sugar Times
112796	Sugar Times
112797	Sugar Times
112799	Sugar Times
112800	Sugar Times
112801	Sugar Times
112802	Sugar Times
112803	Sugar Times
112804	Sugar Times
112805	Sugar Times
112806	Sugar Times
112807	Sugar Times
112808	Sugar Times
112809	Sugar Times
112810	Sugar Times
112811	Sugar Times
112812	Sugar Times
112813	Sugar Times
112814	Sugar Times
112815	Sugar Times
112816	Sugar Times
112817	Sugar Times
112819	Sugar Times
112820	Sugar Times
112821	Sugar Times
112822	Sugar Times
112823	Sugar Times
112824	Sugar Times
112825	Sugar Times
112826	Sugar Times
112828	Sugar Times
112829	Sugar Times
112830	Sugar Times
112831	Sugar Times
112832	Sugar Times
112833	Sugar Times
112834	Sugar Times
112835	Sugar Times
112836	Sugar Times
112837	Sugar Times
112838	Sugar Times
112839	Sugar Times
112840	Sugar Times
112841	Sugar Times
112842	Sugar Times
112844	Sugar Times
112845	Sugar Times
112846	Sugar Times
112847	Sugar Times
112848	Sugar Times
112849	Sugar Times
112850	Sugar Times
112851	Sugar Times
112852	Sugar Times
112854	Sugar Times
112855	Sugar Times
112856	Sugar Times
112857	Sugar Times
112858	Sugar Times
112859	Sugar Times
112860	Sugar Times
112861	Sugar Times
112862	Sugar Times
112863	Sugar Times
112864	Sugar Times
112865	Sugar Times
112866	Sugar Times
112867	Sugar Times
112868	Sugar Times
112869	Sugar Times
112870	Sugar Times
112871	Sugar Times
112873	Sugar Times
112874	Sugar Times
112875	Sugar Times
112876	Sugar Times
112877	Sugar Times
112878	Sugar Times
112879	Sugar Times
112896	Sugar Times
112898	Sugar Times
112902	Sugar Times
112903	Sugar Times
112904	Sugar Times
112906	Sugar Times
112911	Sugar Times
112913	Sugar Times
112918	Sugar Times
112922	Sugar Times
112933	Sugar Times
112936	Sugar Times
112937	Sugar Times
112938	Sugar Times
112939	Sugar Times
112940	Sugar Times
112941	Sugar Times
112942	Sugar Times
112943	Sugar Times
112944	Sugar Times
112946	Sugar Times
112947	Sugar Times
112948	Sugar Times
112949	Sugar Times
112950	Sugar Times
112951	Sugar Times
112952	Sugar Times
112953	Sugar Times
112955	Sugar Times
112956	Sugar Times
112957	Sugar Times
112958	Sugar Times
112959	Sugar Times
112960	Sugar Times
112961	Sugar Times
112962	Sugar Times
112963	Sugar Times
112985	Sugar Times
112986	Sugar Times
112987	Sugar Times
112988	Sugar Times
112989	Sugar Times
112990	Sugar Times
112992	Sugar Times
112993	Sugar Times
112994	Sugar Times
112995	Sugar Times
112996	Sugar Times
112997	Sugar Times
112998	Sugar Times
112999	Sugar Times
113000	Sugar Times
113001	Sugar Times
113003	Sugar Times
113004	Sugar Times
113005	Sugar Times
113006	Sugar Times
113007	Sugar Times
113008	Sugar Times
113009	Sugar Times
113010	Sugar Times
113011	Sugar Times
113012	Sugar Times
113013	Sugar Times
113014	Sugar Times
113015	Sugar Times
113016	Sugar Times
113017	Sugar Times
113018	Sugar Times
113019	Sugar Times
113020	Sugar Times
113021	Sugar Times
113022	Sugar Times
113024	Sugar Times
113025	Sugar Times
113026	Sugar Times
113027	Sugar Times
113028	Sugar Times
113029	Sugar Times
113030	Sugar Times
113031	Sugar Times
113033	Sugar Times
113034	Sugar Times
113035	Sugar Times
113036	Sugar Times
113037	Sugar Times
113038	Sugar Times
113039	Sugar Times
113040	Sugar Times
113041	Sugar Times
113042	Sugar Times
113043	Sugar Times
113044	Sugar Times
113045	Sugar Times
113046	Sugar Times
113047	Sugar Times
113048	Sugar Times
113049	Sugar Times
113050	Sugar Times
113051	Sugar Times
113053	Sugar Times
113054	Sugar Times
113055	Sugar Times
113056	Sugar Times
113057	Sugar Times
113058	Sugar Times
113059	Sugar Times
113060	Sugar Times
113061	Sugar Times
113062	Sugar Times
113063	Sugar Times
113064	Sugar Times
113066	Sugar Times
113067	Sugar Times
113068	Sugar Times
113069	Sugar Times
113070	Sugar Times
113071	Sugar Times
113072	Sugar Times
113073	Sugar Times
113074	Sugar Times
113075	Sugar Times
113076	Sugar Times
113077	Sugar Times
113078	Sugar Times
113079	Sugar Times
113080	Sugar Times
113082	Sugar Times
113083	Sugar Times
113084	Sugar Times
113085	Sugar Times
113086	Sugar Times
113087	Sugar Times
113088	Sugar Times
113089	Sugar Times
113090	Sugar Times
113091	Sugar Times
113092	Sugar Times
113094	Sugar Times
113095	Sugar Times
113096	Sugar Times
113097	Sugar Times
113098	Sugar Times
113099	Sugar Times
113100	Sugar Times
113101	Sugar Times
113102	Sugar Times
113103	Sugar Times
113104	Sugar Times
113105	Sugar Times
113106	Sugar Times
113107	Sugar Times
113108	Sugar Times
113109	Sugar Times
113110	Sugar Times
113111	Sugar Times
113112	Sugar Times
113114	Sugar Times
113115	Sugar Times
113116	Sugar Times
113117	Sugar Times
113118	Sugar Times
113119	Sugar Times
113120	Sugar Times
113122	Sugar Times
113123	Sugar Times
113124	Sugar Times
113125	Sugar Times
113126	Sugar Times
113127	Sugar Times
113128	Sugar Times
113129	Sugar Times
113130	Sugar Times
113131	Sugar Times
113132	Sugar Times
113133	Sugar Times
113134	Sugar Times
113135	Sugar Times
113136	Sugar Times
113137	Sugar Times
113138	Sugar Times
113139	Sugar Times
113140	Sugar Times
113142	Sugar Times
113143	Sugar Times
113144	Sugar Times
113145	Sugar Times
113146	Sugar Times
113147	Sugar Times
113148	Sugar Times
113149	Sugar Times
113150	Sugar Times
113151	Sugar Times
113153	Sugar Times
113154	Sugar Times
113155	Sugar Times
113156	Sugar Times
113157	Sugar Times
113158	Sugar Times
113160	Sugar Times
113161	Sugar Times
113162	Sugar Times
113163	Sugar Times
113164	Sugar Times
113165	Sugar Times
113166	Sugar Times
113167	Sugar Times
113168	Sugar Times
113169	Sugar Times
113171	Sugar Times
113172	Sugar Times
113173	Sugar Times
113174	Sugar Times
113175	Sugar Times
113176	Sugar Times
113177	Sugar Times
113178	Sugar Times
113179	Sugar Times
113180	Sugar Times
113182	Sugar Times
113185	Sugar Times
113186	Sugar Times
113187	Sugar Times
113188	Sugar Times
113189	Sugar Times
113190	Sugar Times
113192	Sugar Times
113193	Sugar Times
113194	Sugar Times
113195	Sugar Times
113196	Sugar Times
113197	Sugar Times
113198	Sugar Times
113199	Sugar Times
113219	Sugar Times
113221	Sugar Times
113222	Sugar Times
113223	Sugar Times
113224	Sugar Times
113225	Sugar Times
113226	Sugar Times
113227	Sugar Times
113228	Sugar Times
113229	Sugar Times
113230	Sugar Times
113231	Sugar Times
113232	Sugar Times
113233	Sugar Times
113234	Sugar Times
113235	Sugar Times
113236	Sugar Times
113237	Sugar Times
113239	Sugar Times
113240	Sugar Times
113241	Sugar Times
113242	Sugar Times
113243	Sugar Times
113244	Sugar Times
113245	Sugar Times
113246	Sugar Times
113247	Sugar Times
113248	Sugar Times
113250	Sugar Times
113251	Sugar Times
113252	Sugar Times
113253	Sugar Times
113254	Sugar Times
113255	Sugar Times
113256	Sugar Times
113257	Sugar Times
113258	Sugar Times
113259	Sugar Times
113260	Sugar Times
113261	Sugar Times
113262	Sugar Times
113263	Sugar Times
113264	Sugar Times
113265	Sugar Times
113266	Sugar Times
113267	Sugar Times
113268	Sugar Times
113270	Sugar Times
113271	Sugar Times
113272	Sugar Times
113273	Sugar Times
113274	Sugar Times
113275	Sugar Times
113276	Sugar Times
113277	Sugar Times
113278	Sugar Times
113279	Sugar Times
113280	Sugar Times
113282	Sugar Times
113283	Sugar Times
113284	Sugar Times
113285	Sugar Times
113286	Sugar Times
113287	Sugar Times
113288	Sugar Times
113289	Sugar Times
113290	Sugar Times
113291	Sugar Times
113292	Sugar Times
113293	Sugar Times
113294	Sugar Times
113295	Sugar Times
113296	Sugar Times
113297	Sugar Times
113298	Sugar Times
113299	Sugar Times
113300	Sugar Times
113301	Sugar Times
113303	Sugar Times
113304	Sugar Times
113305	Sugar Times
113306	Sugar Times
113307	Sugar Times
113308	Sugar Times
113309	Sugar Times
113311	Sugar Times
113313	Sugar Times
113314	Sugar Times
113316	Sugar Times
113332	Sugar Times
113333	Sugar Times
113334	Sugar Times
113335	Sugar Times
113336	Sugar Times
113337	Sugar Times
113338	Sugar Times
113339	Sugar Times
113340	Sugar Times
113341	Sugar Times
113342	Sugar Times
113343	Sugar Times
113344	Sugar Times
113345	Sugar Times
113346	Sugar Times
113347	Sugar Times
113348	Sugar Times
113350	Sugar Times
113351	Sugar Times
113352	Sugar Times
113353	Sugar Times
113354	Sugar Times
113355	Sugar Times
113356	Sugar Times
113357	Sugar Times
113358	Sugar Times
113369	Sugar Times
113371	Sugar Times
113372	Sugar Times
113373	Sugar Times
113395	Sugar Times
113405	Sugar Times
113406	Sugar Times
113407	Sugar Times
113408	Sugar Times
113411	Sugar Times
113412	Sugar Times
113413	Sugar Times
113414	Sugar Times
113415	Sugar Times
113416	Sugar Times
113418	Sugar Times
113419	Sugar Times
113420	Sugar Times
113421	Sugar Times
113422	Sugar Times
113423	Sugar Times
113424	Sugar Times
113425	Sugar Times
113426	Sugar Times
113427	Sugar Times
113428	Sugar Times
113429	Sugar Times
113430	Sugar Times
113432	Sugar Times
113433	Sugar Times
113435	Sugar Times
113440	Sugar Times
113450	Sugar Times
113457	Sugar Times
113458	Sugar Times
113459	Sugar Times
113460	Sugar Times
113461	Sugar Times
113462	Sugar Times
113463	Sugar Times
113464	Sugar Times
113465	Sugar Times
113466	Sugar Times
113467	Sugar Times
113468	Sugar Times
113469	Sugar Times
113470	Sugar Times
113471	Sugar Times
113472	Sugar Times
113474	Sugar Times
113475	Sugar Times
113476	Sugar Times
113477	Sugar Times
113478	Sugar Times
113479	Sugar Times
113480	Sugar Times
113481	Sugar Times
113482	Sugar Times
113483	Sugar Times
113484	Sugar Times
113485	Sugar Times
113486	Sugar Times
113487	Sugar Times
113488	Sugar Times
113489	Sugar Times
113490	Sugar Times
113491	Sugar Times
113492	Sugar Times
113493	Sugar Times
113494	Sugar Times
113496	Sugar Times
113497	Sugar Times
113498	Sugar Times
113499	Sugar Times
113523	Sugar Times
113524	Sugar Times
113525	Sugar Times
113526	Sugar Times
113527	Sugar Times
113529	Sugar Times
113530	Sugar Times
113531	Sugar Times
113532	Sugar Times
113533	Sugar Times
113534	Sugar Times
113535	Sugar Times
113537	Sugar Times
113538	Sugar Times
113539	Sugar Times
113540	Sugar Times
113541	Sugar Times
113542	Sugar Times
113543	Sugar Times
113544	Sugar Times
113545	Sugar Times
113546	Sugar Times
113547	Sugar Times
113548	Sugar Times
113549	Sugar Times
113550	Sugar Times
113552	Sugar Times
113553	Sugar Times
113554	Sugar Times
113555	Sugar Times
113556	Sugar Times
113557	Sugar Times
113558	Sugar Times
113559	Sugar Times
113560	Sugar Times
113561	Sugar Times
113562	Sugar Times
113563	Sugar Times
113564	Sugar Times
113565	Sugar Times
113566	Sugar Times
113568	Sugar Times
113569	Sugar Times
113570	Sugar Times
113571	Sugar Times
113572	Sugar Times
113573	Sugar Times
113574	Sugar Times
113575	Sugar Times
113576	Sugar Times
113577	Sugar Times
113578	Sugar Times
113579	Sugar Times
113580	Sugar Times
113582	Sugar Times
113583	Sugar Times
113584	Sugar Times
113585	Sugar Times
113586	Sugar Times
113587	Sugar Times
113588	Sugar Times
113589	Sugar Times
113590	Sugar Times
113591	Sugar Times
113592	Sugar Times
113593	Sugar Times
113594	Sugar Times
113595	Sugar Times
113596	Sugar Times
113597	Sugar Times
113598	Sugar Times
113600	Sugar Times
113601	Sugar Times
113602	Sugar Times
113603	Sugar Times
113604	Sugar Times
113605	Sugar Times
113606	Sugar Times
113607	Sugar Times
113608	Sugar Times
113609	Sugar Times
113610	Sugar Times
113611	Sugar Times
113612	Sugar Times
113614	Sugar Times
113615	Sugar Times
113616	Sugar Times
113617	Sugar Times
113618	Sugar Times
113619	Sugar Times
113620	Sugar Times
113621	Sugar Times
113622	Sugar Times
113623	Sugar Times
113624	Sugar Times
113625	Sugar Times
113626	Sugar Times
113627	Sugar Times
113628	Sugar Times
113629	Sugar Times
113630	Sugar Times
113631	Sugar Times
113633	Sugar Times
113634	Sugar Times
113635	Sugar Times
113636	Sugar Times
113637	Sugar Times
113638	Sugar Times
113639	Sugar Times
113640	Sugar Times
113641	Sugar Times
113642	Sugar Times
113643	Sugar Times
113644	Sugar Times
113645	Sugar Times
113647	Sugar Times
113648	Sugar Times
113649	Sugar Times
113650	Sugar Times
113651	Sugar Times
113652	Sugar Times
113653	Sugar Times
113654	Sugar Times
113655	Sugar Times
113656	Sugar Times
113657	Sugar Times
113658	Sugar Times
113659	Sugar Times
113660	Sugar Times
113661	Sugar Times
113663	Sugar Times
113664	Sugar Times
113665	Sugar Times
113666	Sugar Times
113667	Sugar Times
113668	Sugar Times
113669	Sugar Times
113670	Sugar Times
113671	Sugar Times
113673	Sugar Times
113674	Sugar Times
113675	Sugar Times
113676	Sugar Times
113677	Sugar Times
113678	Sugar Times
113679	Sugar Times
113680	Sugar Times
113681	Sugar Times
113682	Sugar Times
113683	Sugar Times
113684	Sugar Times
113685	Sugar Times
113686	Sugar Times
113687	Sugar Times
113688	Sugar Times
113689	Sugar Times
113691	Sugar Times
113692	Sugar Times
113710	Sugar Times
113711	Sugar Times
113712	Sugar Times
113713	Sugar Times
113714	Sugar Times
113715	Sugar Times
113716	Sugar Times
113717	Sugar Times
113718	Sugar Times
113720	Sugar Times
113721	Sugar Times
113722	Sugar Times
113723	Sugar Times
113724	Sugar Times
113725	Sugar Times
113726	Sugar Times
113727	Sugar Times
113728	Sugar Times
113729	Sugar Times
113730	Sugar Times
113731	Sugar Times
113732	Sugar Times
113733	Sugar Times
113734	Sugar Times
113735	Sugar Times
113737	Sugar Times
113738	Sugar Times
113739	Sugar Times
113740	Sugar Times
113741	Sugar Times
113742	Sugar Times
113743	Sugar Times
113744	Sugar Times
113745	Sugar Times
113746	Sugar Times
113747	Sugar Times
113748	Sugar Times
113749	Sugar Times
113750	Sugar Times
113752	Sugar Times
113753	Sugar Times
113754	Sugar Times
113755	Sugar Times
113756	Sugar Times
113757	Sugar Times
113758	Sugar Times
113759	Sugar Times
113760	Sugar Times
113761	Sugar Times
113762	Sugar Times
113763	Sugar Times
113764	Sugar Times
113765	Sugar Times
113766	Sugar Times
113768	Sugar Times
113769	Sugar Times
113770	Sugar Times
113771	Sugar Times
113772	Sugar Times
113773	Sugar Times
113774	Sugar Times
113775	Sugar Times
113776	Sugar Times
113777	Sugar Times
113778	Sugar Times
113779	Sugar Times
113780	Sugar Times
113781	Sugar Times
113782	Sugar Times
113784	Sugar Times
113785	Sugar Times
113786	Sugar Times
113787	Sugar Times
113788	Sugar Times
113789	Sugar Times
113790	Sugar Times
113791	Sugar Times
113792	Sugar Times
113793	Sugar Times
113794	Sugar Times
113795	Sugar Times
113796	Sugar Times
113797	Sugar Times
113798	Sugar Times
113799	Sugar Times
113800	Sugar Times
113802	Sugar Times
113803	Sugar Times
113804	Sugar Times
113805	Sugar Times
113806	Sugar Times
113807	Sugar Times
113808	Sugar Times
113809	Sugar Times
113810	Sugar Times
113811	Sugar Times
113812	Sugar Times
113814	Sugar Times
113815	Sugar Times
113816	Sugar Times
113817	Sugar Times
113818	Sugar Times
113819	Sugar Times
113820	Sugar Times
113821	Sugar Times
113822	Sugar Times
113823	Sugar Times
113824	Sugar Times
113825	Sugar Times
113826	Sugar Times
113827	Sugar Times
113828	Sugar Times
113829	Sugar Times
113831	Sugar Times
113832	Sugar Times
113833	Sugar Times
113844	Sugar Times
113845	Sugar Times
113846	Sugar Times
113847	Sugar Times
113848	Sugar Times
113849	Sugar Times
113850	Sugar Times
113851	Sugar Times
113852	Sugar Times
113853	Sugar Times
113854	Sugar Times
113856	Sugar Times
113857	Sugar Times
113858	Sugar Times
113859	Sugar Times
113860	Sugar Times
113861	Sugar Times
113862	Sugar Times
113863	Sugar Times
113864	Sugar Times
113865	Sugar Times
113866	Sugar Times
113867	Sugar Times
113868	Sugar Times
113869	Sugar Times
113871	Sugar Times
113872	Sugar Times
113873	Sugar Times
113874	Sugar Times
113875	Sugar Times
113876	Sugar Times
113877	Sugar Times
113878	Sugar Times
113879	Sugar Times
113880	Sugar Times
113881	Sugar Times
113882	Sugar Times
113883	Sugar Times
113885	Sugar Times
113886	Sugar Times
113887	Sugar Times
113888	Sugar Times
113889	Sugar Times
113890	Sugar Times
113891	Sugar Times
113892	Sugar Times
113893	Sugar Times
113894	Sugar Times
113895	Sugar Times
113896	Sugar Times
113897	Sugar Times
113898	Sugar Times
113899	Sugar Times
113900	Sugar Times
113902	Sugar Times
113903	Sugar Times
113904	Sugar Times
113908	Sugar Times
113909	Sugar Times
113910	Sugar Times
113911	Sugar Times
113912	Sugar Times
113913	Sugar Times
113914	Sugar Times
113915	Sugar Times
113916	Sugar Times
113918	Sugar Times
113919	Sugar Times
113920	Sugar Times
113921	Sugar Times
113922	Sugar Times
113923	Sugar Times
113924	Sugar Times
113925	Sugar Times
113926	Sugar Times
113927	Sugar Times
113928	Sugar Times
113929	Sugar Times
113930	Sugar Times
113931	Sugar Times
113933	Sugar Times
113934	Sugar Times
113935	Sugar Times
113936	Sugar Times
113937	Sugar Times
113938	Sugar Times
113939	Sugar Times
113940	Sugar Times
113941	Sugar Times
113942	Sugar Times
113943	Sugar Times
113944	Sugar Times
113945	Sugar Times
113946	Sugar Times
113948	Sugar Times
113949	Sugar Times
113950	Sugar Times
113951	Sugar Times
113952	Sugar Times
113953	Sugar Times
113954	Sugar Times
113955	Sugar Times
113956	Sugar Times
113957	Sugar Times
113958	Sugar Times
113959	Sugar Times
113961	Sugar Times
113962	Sugar Times
113963	Sugar Times
113964	Sugar Times
113965	Sugar Times
113966	Sugar Times
113967	Sugar Times
113968	Sugar Times
113969	Sugar Times
113970	Sugar Times
113971	Sugar Times
113972	Sugar Times
113973	Sugar Times
113974	Sugar Times
113976	Sugar Times
113977	Sugar Times
113978	Sugar Times
113979	Sugar Times
113980	Sugar Times
113981	Sugar Times
113982	Sugar Times
113983	Sugar Times
113984	Sugar Times
113985	Sugar Times
113986	Sugar Times
113987	Sugar Times
113988	Sugar Times
113989	Sugar Times
113991	Sugar Times
113992	Sugar Times
113993	Sugar Times
113994	Sugar Times
113995	Sugar Times
113996	Sugar Times
113997	Sugar Times
113998	Sugar Times
113999	Sugar Times
114000	Sugar Times
114001	Sugar Times
114002	Sugar Times
114004	Sugar Times
114005	Sugar Times
114006	Sugar Times
114007	Sugar Times
114008	Sugar Times
114009	Sugar Times
114010	Sugar Times
114011	Sugar Times
114013	Sugar Times
114014	Sugar Times
114015	Sugar Times
114016	Sugar Times
114017	Sugar Times
114018	Sugar Times
114019	Sugar Times
114020	Sugar Times
114021	Sugar Times
114022	Sugar Times
114023	Sugar Times
114025	Sugar Times
114026	Sugar Times
114027	Sugar Times
114028	Sugar Times
114029	Sugar Times
114030	Sugar Times
114031	Sugar Times
114032	Sugar Times
114033	Sugar Times
114034	Sugar Times
114036	Sugar Times
114037	Sugar Times
114038	Sugar Times
114039	Sugar Times
114040	Sugar Times
114041	Sugar Times
114042	Sugar Times
114043	Sugar Times
114044	Sugar Times
114045	Sugar Times
114046	Sugar Times
114047	Sugar Times
114048	Sugar Times
114049	Sugar Times
114051	Sugar Times
114052	Sugar Times
114053	Sugar Times
114054	Sugar Times
114055	Sugar Times
114056	Sugar Times
114057	Sugar Times
114058	Sugar Times
114059	Sugar Times
114060	Sugar Times
114061	Sugar Times
114062	Sugar Times
114063	Sugar Times
114064	Sugar Times
114065	Sugar Times
114067	Sugar Times
114068	Sugar Times
114069	Sugar Times
114070	Sugar Times
114071	Sugar Times
114114	Sugar Times
114115	Sugar Times
114116	Sugar Times
114117	Sugar Times
114118	Sugar Times
114119	Sugar Times
114120	Sugar Times
114121	Sugar Times
114123	Sugar Times
114124	Sugar Times
114125	Sugar Times
114126	Sugar Times
114127	Sugar Times
114128	Sugar Times
114129	Sugar Times
114130	Sugar Times
114131	Sugar Times
114132	Sugar Times
114133	Sugar Times
114134	Sugar Times
114135	Sugar Times
114136	Sugar Times
114137	Sugar Times
114138	Sugar Times
114140	Sugar Times
114141	Sugar Times
114142	Sugar Times
114143	Sugar Times
114175	Sugar Times
114176	Sugar Times
114177	Sugar Times
114178	Sugar Times
114179	Sugar Times
114180	Sugar Times
114181	Sugar Times
114182	Sugar Times
114183	Sugar Times
114185	Sugar Times
114186	Sugar Times
114187	Sugar Times
114188	Sugar Times
114189	Sugar Times
114190	Sugar Times
114191	Sugar Times
114192	Sugar Times
114193	Sugar Times
114194	Sugar Times
114196	Sugar Times
114197	Sugar Times
114198	Sugar Times
114199	Sugar Times
114200	Sugar Times
114201	Sugar Times
114202	Sugar Times
114203	Sugar Times
114204	Sugar Times
114205	Sugar Times
114206	Sugar Times
114207	Sugar Times
114208	Sugar Times
114209	Sugar Times
114210	Sugar Times
114211	Sugar Times
114213	Sugar Times
114214	Sugar Times
114215	Sugar Times
114216	Sugar Times
114217	Sugar Times
114218	Sugar Times
114219	Sugar Times
114220	Sugar Times
114221	Sugar Times
114222	Sugar Times
114223	Sugar Times
114224	Sugar Times
114225	Sugar Times
114226	Sugar Times
114227	Sugar Times
114228	Sugar Times
114229	Sugar Times
114230	Sugar Times
114232	Sugar Times
114233	Sugar Times
114234	Sugar Times
114236	Sugar Times
114237	Sugar Times
114238	Sugar Times
114239	Sugar Times
114240	Sugar Times
114241	Sugar Times
114242	Sugar Times
114244	Sugar Times
114245	Sugar Times
114246	Sugar Times
114247	Sugar Times
114248	Sugar Times
114249	Sugar Times
114250	Sugar Times
114251	Sugar Times
114252	Sugar Times
114253	Sugar Times
114254	Sugar Times
114255	Sugar Times
114257	Sugar Times
114258	Sugar Times
114259	Sugar Times
114260	Sugar Times
114261	Sugar Times
114262	Sugar Times
114263	Sugar Times
114264	Sugar Times
114266	Sugar Times
114267	Sugar Times
114268	Sugar Times
114269	Sugar Times
114270	Sugar Times
114271	Sugar Times
114272	Sugar Times
114273	Sugar Times
114274	Sugar Times
114275	Sugar Times
114277	Sugar Times
114278	Sugar Times
114279	Sugar Times
114280	Sugar Times
114281	Sugar Times
114282	Sugar Times
114284	Sugar Times
114285	Sugar Times
114286	Sugar Times
114287	Sugar Times
114288	Sugar Times
114289	Sugar Times
114290	Sugar Times
114291	Sugar Times
114292	Sugar Times
114293	Sugar Times
114294	Sugar Times
114295	Sugar Times
114297	Sugar Times
114305	Sugar Times
114306	Sugar Times
114307	Sugar Times
114309	Sugar Times
114310	Sugar Times
114311	Sugar Times
114312	Sugar Times
114313	Sugar Times
114314	Sugar Times
114315	Sugar Times
114316	Sugar Times
114317	Sugar Times
114318	Sugar Times
114320	Sugar Times
114321	Sugar Times
114322	Sugar Times
114323	Sugar Times
114324	Sugar Times
114325	Sugar Times
114327	Sugar Times
114328	Sugar Times
114330	Sugar Times
114331	Sugar Times
114332	Sugar Times
114333	Sugar Times
114334	Sugar Times
114335	Sugar Times
114336	Sugar Times
114338	Sugar Times
114339	Sugar Times
114340	Sugar Times
114341	Sugar Times
114342	Sugar Times
114343	Sugar Times
114344	Sugar Times
114345	Sugar Times
114347	Sugar Times
114348	Sugar Times
114349	Sugar Times
114350	Sugar Times
114351	Sugar Times
114352	Sugar Times
114353	Sugar Times
114354	Sugar Times
114355	Sugar Times
114356	Sugar Times
114357	Sugar Times
114359	Sugar Times
114360	Sugar Times
114361	Sugar Times
114362	Sugar Times
114363	Sugar Times
114364	Sugar Times
114366	Sugar Times
114367	Sugar Times
114368	Sugar Times
114369	Sugar Times
114370	Sugar Times
114371	Sugar Times
114372	Sugar Times
114373	Sugar Times
114374	Sugar Times
114375	Sugar Times
114376	Sugar Times
114377	Sugar Times
114379	Sugar Times
114380	Sugar Times
114381	Sugar Times
114382	Sugar Times
114383	Sugar Times
114384	Sugar Times
114385	Sugar Times
114386	Sugar Times
114388	Sugar Times
114389	Sugar Times
114390	Sugar Times
114392	Sugar Times
114393	Sugar Times
114394	Sugar Times
114395	Sugar Times
114396	Sugar Times
114397	Sugar Times
114398	Sugar Times
114399	Sugar Times
114400	Sugar Times
114402	Sugar Times
114403	Sugar Times
114404	Sugar Times
114405	Sugar Times
114406	Sugar Times
114407	Sugar Times
114408	Sugar Times
114409	Sugar Times
114410	Sugar Times
114411	Sugar Times
114412	Sugar Times
114413	Sugar Times
114415	Sugar Times
114416	Sugar Times
114417	Sugar Times
114418	Sugar Times
114419	Sugar Times
114420	Sugar Times
114422	Sugar Times
114423	Sugar Times
114424	Sugar Times
114425	Sugar Times
114426	Sugar Times
114427	Sugar Times
114428	Sugar Times
114429	Sugar Times
114430	Sugar Times
114432	Sugar Times
114433	Sugar Times
114434	Sugar Times
114435	Sugar Times
114436	Sugar Times
114437	Sugar Times
114438	Sugar Times
114439	Sugar Times
114441	Sugar Times
114442	Sugar Times
114443	Sugar Times
114444	Sugar Times
114445	Sugar Times
114446	Sugar Times
114447	Sugar Times
114448	Sugar Times
114449	Sugar Times
114450	Sugar Times
114452	Sugar Times
114453	Sugar Times
114454	Sugar Times
114455	Sugar Times
114456	Sugar Times
114457	Sugar Times
114458	Sugar Times
114459	Sugar Times
114461	Sugar Times
114462	Sugar Times
114463	Sugar Times
114464	Sugar Times
114465	Sugar Times
114466	Sugar Times
114467	Sugar Times
114468	Sugar Times
114469	Sugar Times
114470	Sugar Times
114471	Sugar Times
114472	Sugar Times
114474	Sugar Times
114475	Sugar Times
114476	Sugar Times
114477	Sugar Times
114478	Sugar Times
114479	Sugar Times
114480	Sugar Times
114482	Sugar Times
114483	Sugar Times
114484	Sugar Times
114485	Sugar Times
114486	Sugar Times
114487	Sugar Times
114488	Sugar Times
114489	Sugar Times
114490	Sugar Times
114494	Sugar Times
114495	Sugar Times
114496	Sugar Times
114497	Sugar Times
114498	Sugar Times
114499	Sugar Times
114500	Sugar Times
114502	Sugar Times
114503	Sugar Times
114504	Sugar Times
114505	Sugar Times
114506	Sugar Times
114507	Sugar Times
114508	Sugar Times
114509	Sugar Times
114510	Sugar Times
114511	Sugar Times
114512	Sugar Times
114514	Sugar Times
114515	Sugar Times
114517	Sugar Times
114518	Sugar Times
114519	Sugar Times
114520	Sugar Times
114521	Sugar Times
114522	Sugar Times
114523	Sugar Times
114525	Sugar Times
114526	Sugar Times
114527	Sugar Times
114528	Sugar Times
114529	Sugar Times
114530	Sugar Times
114531	Sugar Times
114532	Sugar Times
114533	Sugar Times
114534	Sugar Times
114535	Sugar Times
114536	Sugar Times
114537	Sugar Times
114539	Sugar Times
114540	Sugar Times
114541	Sugar Times
114542	Sugar Times
114543	Sugar Times
114545	Sugar Times
114546	Sugar Times
114547	Sugar Times
114548	Sugar Times
114549	Sugar Times
114550	Sugar Times
114551	Sugar Times
114552	Sugar Times
114553	Sugar Times
114554	Sugar Times
114555	Sugar Times
114556	Sugar Times
114558	Sugar Times
114559	Sugar Times
114560	Sugar Times
114561	Sugar Times
114562	Sugar Times
114563	Sugar Times
114564	Sugar Times
114565	Sugar Times
114567	Sugar Times
114568	Sugar Times
114569	Sugar Times
114570	Sugar Times
114571	Sugar Times
114572	Sugar Times
114573	Sugar Times
114574	Sugar Times
114575	Sugar Times
114579	Sugar Times
114591	Sugar Times
114600	Sugar Times
114614	Sugar Times
114615	Sugar Times
114616	Sugar Times
114617	Sugar Times
114618	Sugar Times
114619	Sugar Times
114620	Sugar Times
114622	Sugar Times
114623	Sugar Times
114624	Sugar Times
114625	Sugar Times
114626	Sugar Times
114627	Sugar Times
114628	Sugar Times
114629	Sugar Times
114630	Sugar Times
114631	Sugar Times
114632	Sugar Times
114633	Sugar Times
114635	Sugar Times
114645	Sugar Times
114646	Sugar Times
114647	Sugar Times
114648	Sugar Times
114650	Sugar Times
114651	Sugar Times
114652	Sugar Times
114653	Sugar Times
114654	Sugar Times
114655	Sugar Times
114656	Sugar Times
114657	Sugar Times
114658	Sugar Times
114659	Sugar Times
114660	Sugar Times
114661	Sugar Times
114662	Sugar Times
114663	Sugar Times
114665	Sugar Times
114666	Sugar Times
114679	Sugar Times
114680	Sugar Times
114681	Sugar Times
114682	Sugar Times
114683	Sugar Times
114684	Sugar Times
114686	Sugar Times
114687	Sugar Times
114688	Sugar Times
114689	Sugar Times
114690	Sugar Times
114691	Sugar Times
114692	Sugar Times
114693	Sugar Times
114694	Sugar Times
114695	Sugar Times
114697	Sugar Times
114698	Sugar Times
114699	Sugar Times
114700	Sugar Times
114701	Sugar Times
114702	Sugar Times
114703	Sugar Times
114705	Sugar Times
114706	Sugar Times
114707	Sugar Times
114708	Sugar Times
114709	Sugar Times
114710	Sugar Times
114711	Sugar Times
114712	Sugar Times
114713	Sugar Times
114714	Sugar Times
114715	Sugar Times
114716	Sugar Times
114717	Sugar Times
114719	Sugar Times
114720	Sugar Times
114721	Sugar Times
114722	Sugar Times
114723	Sugar Times
114724	Sugar Times
114726	Sugar Times
114727	Sugar Times
114728	Sugar Times
114729	Sugar Times
114730	Sugar Times
114731	Sugar Times
114732	Sugar Times
114733	Sugar Times
114734	Sugar Times
114735	Sugar Times
114736	Sugar Times
114737	Sugar Times
114739	Sugar Times
114740	Sugar Times
114741	Sugar Times
114742	Sugar Times
114743	Sugar Times
114744	Sugar Times
114745	Sugar Times
114747	Sugar Times
114748	Sugar Times
114749	Sugar Times
114750	Sugar Times
114751	Sugar Times
114752	Sugar Times
114753	Sugar Times
114754	Sugar Times
114755	Sugar Times
114756	Sugar Times
114758	Sugar Times
114759	Sugar Times
114760	Sugar Times
114761	Sugar Times
114762	Sugar Times
114763	Sugar Times
114764	Sugar Times
114765	Sugar Times
114767	Sugar Times
114768	Sugar Times
114769	Sugar Times
114771	Sugar Times
114772	Sugar Times
114773	Sugar Times
114774	Sugar Times
114776	Sugar Times
114778	Sugar Times
114779	Sugar Times
114780	Sugar Times
114781	Sugar Times
114782	Sugar Times
114783	Sugar Times
114784	Sugar Times
114785	Sugar Times
114787	Sugar Times
114788	Sugar Times
114789	Sugar Times
114790	Sugar Times
114791	Sugar Times
114792	Sugar Times
114793	Sugar Times
114794	Sugar Times
114795	Sugar Times
114796	Sugar Times
114797	Sugar Times
114799	Sugar Times
114835	Sugar Times
114836	Sugar Times
114837	Sugar Times
114838	Sugar Times
114839	Sugar Times
114840	Sugar Times
114842	Sugar Times
114843	Sugar Times
114844	Sugar Times
114845	Sugar Times
114846	Sugar Times
114847	Sugar Times
114848	Sugar Times
114849	Sugar Times
114850	Sugar Times
114852	Sugar Times
114869	Sugar Times
114871	Sugar Times
114872	Sugar Times
114873	Sugar Times
114874	Sugar Times
114875	Sugar Times
114876	Sugar Times
114877	Sugar Times
114878	Sugar Times
114879	Sugar Times
114880	Sugar Times
114881	Sugar Times
114883	Sugar Times
114884	Sugar Times
114885	Sugar Times
114886	Sugar Times
114887	Sugar Times
114888	Sugar Times
114889	Sugar Times
114890	Sugar Times
114891	Sugar Times
114893	Sugar Times
114894	Sugar Times
114895	Sugar Times
114896	Sugar Times
114897	Sugar Times
114898	Sugar Times
114899	Sugar Times
114900	Sugar Times
114901	Sugar Times
114902	Sugar Times
114904	Sugar Times
114906	Sugar Times
114928	Sugar Times
114929	Sugar Times
114930	Sugar Times
114931	Sugar Times
114932	Sugar Times
114933	Sugar Times
114934	Sugar Times
114936	Sugar Times
114937	Sugar Times
114938	Sugar Times
114939	Sugar Times
114940	Sugar Times
114941	Sugar Times
114942	Sugar Times
114943	Sugar Times
114944	Sugar Times
114945	Sugar Times
114946	Sugar Times
114947	Sugar Times
114949	Sugar Times
114950	Sugar Times
114951	Sugar Times
114952	Sugar Times
114953	Sugar Times
114954	Sugar Times
114955	Sugar Times
114957	Sugar Times
114958	Sugar Times
114968	Sugar Times
114969	Sugar Times
114970	Sugar Times
114971	Sugar Times
114972	Sugar Times
114973	Sugar Times
114974	Sugar Times
114976	Sugar Times
114977	Sugar Times
114978	Sugar Times
114979	Sugar Times
114980	Sugar Times
114982	Sugar Times
114983	Sugar Times
114984	Sugar Times
114985	Sugar Times
114986	Sugar Times
114987	Sugar Times
114989	Sugar Times
114992	Sugar Times
114999	Sugar Times
115000	Sugar Times
115001	Sugar Times
115002	Sugar Times
115003	Sugar Times
115004	Sugar Times
115005	Sugar Times
115006	Sugar Times
115008	Sugar Times
115009	Sugar Times
115010	Sugar Times
115011	Sugar Times
115012	Sugar Times
115013	Sugar Times
115014	Sugar Times
115015	Sugar Times
115016	Sugar Times
115017	Sugar Times
115018	Sugar Times
115019	Sugar Times
115021	Sugar Times
115022	Sugar Times
115023	Sugar Times
115024	Sugar Times
115026	Sugar Times
115027	Sugar Times
115028	Sugar Times
115029	Sugar Times
115030	Sugar Times
115031	Sugar Times
115032	Sugar Times
115033	Sugar Times
115035	Sugar Times
115036	Sugar Times
115044	Sugar Times
115045	Sugar Times
115046	Sugar Times
115047	Sugar Times
115048	Sugar Times
115049	Sugar Times
115051	Sugar Times
115052	Sugar Times
115053	Sugar Times
115054	Sugar Times
115055	Sugar Times
115056	Sugar Times
115058	Sugar Times
115067	Sugar Times
115068	Sugar Times
115069	Sugar Times
115070	Sugar Times
115072	Sugar Times
115073	Sugar Times
115074	Sugar Times
115075	Sugar Times
115076	Sugar Times
115077	Sugar Times
115078	Sugar Times
115079	Sugar Times
115080	Sugar Times
115081	Sugar Times
115082	Sugar Times
115083	Sugar Times
115084	Sugar Times
115086	Sugar Times
115087	Sugar Times
115088	Sugar Times
115089	Sugar Times
115090	Sugar Times
115091	Sugar Times
115093	Sugar Times
115094	Sugar Times
115096	Sugar Times
115097	Sugar Times
115098	Sugar Times
115099	Sugar Times
115101	Sugar Times
115102	Sugar Times
115103	Sugar Times
115104	Sugar Times
115105	Sugar Times
115106	Sugar Times
115107	Sugar Times
115109	Sugar Times
115110	Sugar Times
115111	Sugar Times
115112	Sugar Times
115113	Sugar Times
115115	Sugar Times
115116	Sugar Times
115117	Sugar Times
115119	Sugar Times
115120	Sugar Times
115121	Sugar Times
115122	Sugar Times
115123	Sugar Times
115125	Sugar Times
115126	Sugar Times
115127	Sugar Times
115128	Sugar Times
115129	Sugar Times
115130	Sugar Times
115131	Sugar Times
115132	Sugar Times
115133	Sugar Times
115134	Sugar Times
115135	Sugar Times
115136	Sugar Times
115137	Sugar Times
115139	Sugar Times
115140	Sugar Times
115141	Sugar Times
115142	Sugar Times
115143	Sugar Times
115144	Sugar Times
115145	Sugar Times
115147	Sugar Times
115148	Sugar Times
115149	Sugar Times
115150	Sugar Times
115151	Sugar Times
115152	Sugar Times
115153	Sugar Times
115154	Sugar Times
115155	Sugar Times
115157	Sugar Times
115176	Sugar Times
115177	Sugar Times
115178	Sugar Times
115179	Sugar Times
115180	Sugar Times
115181	Sugar Times
115182	Sugar Times
115184	Sugar Times
115185	Sugar Times
115186	Sugar Times
115187	Sugar Times
115188	Sugar Times
115189	Sugar Times
115190	Sugar Times
115191	Sugar Times
115192	Sugar Times
115193	Sugar Times
115194	Sugar Times
115195	Sugar Times
115196	Sugar Times
115198	Sugar Times
115199	Sugar Times
115200	Sugar Times
115201	Sugar Times
115202	Sugar Times
115203	Sugar Times
115204	Sugar Times
115205	Sugar Times
115207	Sugar Times
115208	Sugar Times
115209	Sugar Times
115210	Sugar Times
115211	Sugar Times
115212	Sugar Times
115213	Sugar Times
115214	Sugar Times
115215	Sugar Times
115216	Sugar Times
115217	Sugar Times
115218	Sugar Times
115220	Sugar Times
115221	Sugar Times
115240	Sugar Times
115244	Sugar Times
115245	Sugar Times
115246	Sugar Times
115247	Sugar Times
115248	Sugar Times
115250	Sugar Times
115251	Sugar Times
115252	Sugar Times
115253	Sugar Times
115254	Sugar Times
115255	Sugar Times
115258	Sugar Times
115260	Sugar Times
115263	Sugar Times
115264	Sugar Times
115265	Sugar Times
115266	Sugar Times
115267	Sugar Times
115268	Sugar Times
115269	Sugar Times
115270	Sugar Times
115271	Sugar Times
115272	Sugar Times
115276	Sugar Times
115277	Sugar Times
115296	Sugar Times
115297	Sugar Times
115299	Sugar Times
115300	Sugar Times
115301	Sugar Times
115302	Sugar Times
115303	Sugar Times
115304	Sugar Times
115305	Sugar Times
115316	Sugar Times
115317	Sugar Times
115319	Sugar Times
115320	Sugar Times
115321	Sugar Times
115322	Sugar Times
115323	Sugar Times
115324	Sugar Times
115325	Sugar Times
115326	Sugar Times
115328	Sugar Times
115329	Sugar Times
115330	Sugar Times
115331	Sugar Times
115332	Sugar Times
115333	Sugar Times
115334	Sugar Times
115335	Sugar Times
115336	Sugar Times
115337	Sugar Times
115338	Sugar Times
115339	Sugar Times
115340	Sugar Times
115341	Sugar Times
115343	Sugar Times
115344	Sugar Times
115345	Sugar Times
115346	Sugar Times
115347	Sugar Times
115348	Sugar Times
115350	Sugar Times
115351	Sugar Times
115352	Sugar Times
115354	Sugar Times
115355	Sugar Times
115356	Sugar Times
115357	Sugar Times
115358	Sugar Times
115359	Sugar Times
115360	Sugar Times
115362	Sugar Times
115363	Sugar Times
115364	Sugar Times
115365	Sugar Times
115366	Sugar Times
115367	Sugar Times
115368	Sugar Times
115369	Sugar Times
115370	Sugar Times
115381	Sugar Times
115382	Sugar Times
115384	Sugar Times
115385	Sugar Times
115386	Sugar Times
115387	Sugar Times
115388	Sugar Times
115389	Sugar Times
115391	Sugar Times
115392	Sugar Times
115393	Sugar Times
115394	Sugar Times
115395	Sugar Times
115396	Sugar Times
115397	Sugar Times
115398	Sugar Times
115399	Sugar Times
115400	Sugar Times
115401	Sugar Times
115402	Sugar Times
115404	Sugar Times
115405	Sugar Times
115406	Sugar Times
115407	Sugar Times
115408	Sugar Times
115409	Sugar Times
115411	Sugar Times
115412	Sugar Times
115413	Sugar Times
115414	Sugar Times
115415	Sugar Times
115416	Sugar Times
115417	Sugar Times
115418	Sugar Times
115419	Sugar Times
115420	Sugar Times
115421	Sugar Times
115422	Sugar Times
115443	Sugar Times
115444	Sugar Times
115446	Sugar Times
115447	Sugar Times
115448	Sugar Times
115449	Sugar Times
115450	Sugar Times
115451	Sugar Times
115452	Sugar Times
115454	Sugar Times
115455	Sugar Times
115456	Sugar Times
115457	Sugar Times
115458	Sugar Times
115459	Sugar Times
115460	Sugar Times
115461	Sugar Times
115462	Sugar Times
115463	Sugar Times
115464	Sugar Times
115465	Sugar Times
115467	Sugar Times
115468	Sugar Times
115469	Sugar Times
115470	Sugar Times
115471	Sugar Times
115472	Sugar Times
115473	Sugar Times
115475	Sugar Times
115476	Sugar Times
115477	Sugar Times
115478	Sugar Times
115479	Sugar Times
115480	Sugar Times
115481	Sugar Times
115482	Sugar Times
115483	Sugar Times
115484	Sugar Times
115485	Sugar Times
115486	Sugar Times
115488	Sugar Times
115489	Sugar Times
115490	Sugar Times
115491	Sugar Times
115492	Sugar Times
115493	Sugar Times
115495	Sugar Times
115496	Sugar Times
115497	Sugar Times
115498	Sugar Times
115499	Sugar Times
115500	Sugar Times
115501	Sugar Times
115502	Sugar Times
115503	Sugar Times
115504	Sugar Times
115505	Sugar Times
115506	Sugar Times
115507	Sugar Times
115509	Sugar Times
115510	Sugar Times
115511	Sugar Times
115512	Sugar Times
115513	Sugar Times
115514	Sugar Times
115515	Sugar Times
115517	Sugar Times
115518	Sugar Times
115519	Sugar Times
115520	Sugar Times
115521	Sugar Times
115522	Sugar Times
115523	Sugar Times
115524	Sugar Times
115525	Sugar Times
115551	Sugar Times
115552	Sugar Times
115554	Sugar Times
115555	Sugar Times
115556	Sugar Times
115557	Sugar Times
115558	Sugar Times
115559	Sugar Times
115560	Sugar Times
115561	Sugar Times
115563	Sugar Times
115564	Sugar Times
115565	Sugar Times
115566	Sugar Times
115567	Sugar Times
115568	Sugar Times
115569	Sugar Times
115570	Sugar Times
115571	Sugar Times
115572	Sugar Times
115573	Sugar Times
115574	Sugar Times
115575	Sugar Times
115584	Sugar Times
115589	Sugar Times
115590	Sugar Times
115591	Sugar Times
115592	Sugar Times
115593	Sugar Times
115595	Sugar Times
115596	Sugar Times
115597	Sugar Times
115598	Sugar Times
115599	Sugar Times
115600	Sugar Times
115601	Sugar Times
115602	Sugar Times
115603	Sugar Times
115604	Sugar Times
115617	Sugar Times
115618	Sugar Times
115620	Sugar Times
115621	Sugar Times
115622	Sugar Times
115623	Sugar Times
115624	Sugar Times
115625	Sugar Times
115626	Sugar Times
115640	Sugar Times
115641	Sugar Times
115643	Sugar Times
115644	Sugar Times
115645	Sugar Times
115646	Sugar Times
115647	Sugar Times
115648	Sugar Times
115650	Sugar Times
115651	Sugar Times
115652	Sugar Times
115653	Sugar Times
115654	Sugar Times
115655	Sugar Times
115656	Sugar Times
115657	Sugar Times
115658	Sugar Times
115679	Sugar Times
115680	Sugar Times
115686	Sugar Times
115688	Sugar Times
115689	Sugar Times
115690	Sugar Times
115691	Sugar Times
115692	Sugar Times
115694	Sugar Times
115695	Sugar Times
115696	Sugar Times
115697	Sugar Times
115698	Sugar Times
115699	Sugar Times
115700	Sugar Times
115701	Sugar Times
115702	Sugar Times
115703	Sugar Times
115720	Sugar Times
115722	Sugar Times
115723	Sugar Times
115724	Sugar Times
115725	Sugar Times
115726	Sugar Times
115727	Sugar Times
115729	Sugar Times
115731	Sugar Times
115732	Sugar Times
115733	Sugar Times
115734	Sugar Times
115735	Sugar Times
115736	Sugar Times
115737	Sugar Times
115738	Sugar Times
115739	Sugar Times
115740	Sugar Times
115742	Sugar Times
115743	Sugar Times
115744	Sugar Times
115745	Sugar Times
115746	Sugar Times
115747	Sugar Times
115749	Sugar Times
115750	Sugar Times
115751	Sugar Times
115753	Sugar Times
115754	Sugar Times
115755	Sugar Times
115756	Sugar Times
115758	Sugar Times
115759	Sugar Times
115760	Sugar Times
115761	Sugar Times
115762	Sugar Times
115763	Sugar Times
115764	Sugar Times
115765	Sugar Times
115766	Sugar Times
115768	Sugar Times
115787	Sugar Times
115789	Sugar Times
115790	Sugar Times
115791	Sugar Times
115792	Sugar Times
115794	Sugar Times
115795	Sugar Times
115796	Sugar Times
115797	Sugar Times
115798	Sugar Times
115799	Sugar Times
115800	Sugar Times
115801	Sugar Times
115802	Sugar Times
115803	Sugar Times
115805	Sugar Times
115806	Sugar Times
115807	Sugar Times
115808	Sugar Times
115809	Sugar Times
115811	Sugar Times
115812	Sugar Times
115813	Sugar Times
115814	Sugar Times
115815	Sugar Times
115816	Sugar Times
115817	Sugar Times
115818	Sugar Times
115819	Sugar Times
115821	Sugar Times
115822	Sugar Times
115823	Sugar Times
115824	Sugar Times
115825	Sugar Times
115835	Sugar Times
115837	Sugar Times
115838	Sugar Times
115839	Sugar Times
115840	Sugar Times
115841	Sugar Times
115842	Sugar Times
115843	Sugar Times
115845	Sugar Times
115846	Sugar Times
115847	Sugar Times
115848	Sugar Times
115850	Sugar Times
115851	Sugar Times
115852	Sugar Times
115853	Sugar Times
115859	Sugar Times
115860	Sugar Times
115861	Sugar Times
115863	Sugar Times
115864	Sugar Times
115865	Sugar Times
115866	Sugar Times
115867	Sugar Times
115869	Sugar Times
115870	Sugar Times
115871	Sugar Times
115872	Sugar Times
115873	Sugar Times
115874	Sugar Times
115875	Sugar Times
115876	Sugar Times
115877	Sugar Times
115878	Sugar Times
115879	Sugar Times
115881	Sugar Times
115882	Sugar Times
115883	Sugar Times
115884	Sugar Times
115885	Sugar Times
115886	Sugar Times
115888	Sugar Times
115889	Sugar Times
115890	Sugar Times
115891	Sugar Times
115892	Sugar Times
115893	Sugar Times
115894	Sugar Times
115895	Sugar Times
115896	Sugar Times
115907	Sugar Times
115909	Sugar Times
115910	Sugar Times
115911	Sugar Times
115912	Sugar Times
115913	Sugar Times
115914	Sugar Times
115916	Sugar Times
115917	Sugar Times
115918	Sugar Times
115920	Sugar Times
115921	Sugar Times
115922	Sugar Times
115923	Sugar Times
115924	Sugar Times
115925	Sugar Times
115927	Sugar Times
115928	Sugar Times
115929	Sugar Times
115930	Sugar Times
115931	Sugar Times
115932	Sugar Times
115933	Sugar Times
115934	Sugar Times
115935	Sugar Times
115936	Sugar Times
115937	Sugar Times
115939	Sugar Times
115940	Sugar Times
115941	Sugar Times
115942	Sugar Times
115944	Sugar Times
115945	Sugar Times
115946	Sugar Times
115947	Sugar Times
115948	Sugar Times
115949	Sugar Times
115950	Sugar Times
115951	Sugar Times
115952	Sugar Times
115954	Sugar Times
115955	Sugar Times
115956	Sugar Times
115957	Sugar Times
115958	Sugar Times
115959	Sugar Times
115961	Sugar Times
115962	Sugar Times
115963	Sugar Times
115964	Sugar Times
115965	Sugar Times
115966	Sugar Times
115967	Sugar Times
115968	Sugar Times
115978	Sugar Times
115979	Sugar Times
115981	Sugar Times
115982	Sugar Times
115983	Sugar Times
115984	Sugar Times
115985	Sugar Times
115987	Sugar Times
115988	Sugar Times
115989	Sugar Times
115990	Sugar Times
115991	Sugar Times
115992	Sugar Times
115993	Sugar Times
115994	Sugar Times
115995	Sugar Times
116002	Sugar Times
116003	Sugar Times
116004	Sugar Times
116006	Sugar Times
116007	Sugar Times
116008	Sugar Times
116009	Sugar Times
116010	Sugar Times
116011	Sugar Times
116012	Sugar Times
116014	Sugar Times
116015	Sugar Times
116016	Sugar Times
116017	Sugar Times
116018	Sugar Times
116019	Sugar Times
116020	Sugar Times
116021	Sugar Times
116022	Sugar Times
116023	Sugar Times
116025	Sugar Times
116026	Sugar Times
116027	Sugar Times
116028	Sugar Times
116029	Sugar Times
116030	Sugar Times
116032	Sugar Times
116033	Sugar Times
116034	Sugar Times
116035	Sugar Times
116036	Sugar Times
116037	Sugar Times
116038	Sugar Times
116039	Sugar Times
116040	Sugar Times
116041	Sugar Times
116042	Sugar Times
116044	Sugar Times
116045	Sugar Times
116046	Sugar Times
116047	Sugar Times
116049	Sugar Times
116050	Sugar Times
116051	Sugar Times
116053	Sugar Times
116054	Sugar Times
116055	Sugar Times
116056	Sugar Times
116057	Sugar Times
116058	Sugar Times
116059	Sugar Times
116061	Sugar Times
116062	Sugar Times
116063	Sugar Times
116064	Sugar Times
116065	Sugar Times
116066	Sugar Times
116067	Sugar Times
116068	Sugar Times
116069	Sugar Times
116070	Sugar Times
116071	Sugar Times
116073	Sugar Times
116074	Sugar Times
116075	Sugar Times
116076	Sugar Times
116077	Sugar Times
116078	Sugar Times
116079	Sugar Times
116080	Sugar Times
116082	Sugar Times
116083	Sugar Times
116084	Sugar Times
116085	Sugar Times
116086	Sugar Times
116087	Sugar Times
116088	Sugar Times
116089	Sugar Times
116090	Sugar Times
116091	Sugar Times
116092	Sugar Times
116093	Sugar Times
116095	Sugar Times
116096	Sugar Times
116097	Sugar Times
116098	Sugar Times
116099	Sugar Times
116101	Sugar Times
116102	Sugar Times
116103	Sugar Times
116104	Sugar Times
116105	Sugar Times
116106	Sugar Times
116107	Sugar Times
116108	Sugar Times
116109	Sugar Times
116110	Sugar Times
116111	Sugar Times
116112	Sugar Times
116113	Sugar Times
116115	Sugar Times
116116	Sugar Times
116117	Sugar Times
116118	Sugar Times
116119	Sugar Times
116120	Sugar Times
116122	Sugar Times
116123	Sugar Times
116124	Sugar Times
116125	Sugar Times
116126	Sugar Times
116127	Sugar Times
116128	Sugar Times
116129	Sugar Times
116130	Sugar Times
116132	Sugar Times
116133	Sugar Times
116134	Sugar Times
116135	Sugar Times
116136	Sugar Times
116138	Sugar Times
116139	Sugar Times
116140	Sugar Times
116141	Sugar Times
116142	Sugar Times
116143	Sugar Times
116144	Sugar Times
116145	Sugar Times
116146	Sugar Times
116147	Sugar Times
116148	Sugar Times
116149	Sugar Times
116151	Sugar Times
116152	Sugar Times
116153	Sugar Times
116154	Sugar Times
116155	Sugar Times
116157	Sugar Times
116158	Sugar Times
116159	Sugar Times
116160	Sugar Times
116161	Sugar Times
116162	Sugar Times
116163	Sugar Times
116164	Sugar Times
116189	Sugar Times
116190	Sugar Times
116191	Sugar Times
116192	Sugar Times
116194	Sugar Times
116195	Sugar Times
116196	Sugar Times
116197	Sugar Times
116198	Sugar Times
116200	Sugar Times
116201	Sugar Times
116202	Sugar Times
116203	Sugar Times
116204	Sugar Times
116205	Sugar Times
116206	Sugar Times
116208	Sugar Times
116209	Sugar Times
116210	Sugar Times
116211	Sugar Times
116212	Sugar Times
116213	Sugar Times
116214	Sugar Times
116216	Sugar Times
116217	Sugar Times
116218	Sugar Times
116219	Sugar Times
116220	Sugar Times
116221	Sugar Times
116222	Sugar Times
116223	Sugar Times
116224	Sugar Times
116225	Sugar Times
116226	Sugar Times
116227	Sugar Times
116229	Sugar Times
116230	Sugar Times
116231	Sugar Times
116232	Sugar Times
116233	Sugar Times
116235	Sugar Times
116239	Sugar Times
116240	Sugar Times
116241	Sugar Times
116242	Sugar Times
116243	Sugar Times
116244	Sugar Times
116245	Sugar Times
116246	Sugar Times
116247	Sugar Times
116248	Sugar Times
116249	Sugar Times
116251	Sugar Times
116252	Sugar Times
116253	Sugar Times
116254	Sugar Times
116255	Sugar Times
116256	Sugar Times
116257	Sugar Times
116259	Sugar Times
116260	Sugar Times
116261	Sugar Times
116262	Sugar Times
116263	Sugar Times
116264	Sugar Times
116265	Sugar Times
116266	Sugar Times
116286	Sugar Times
116287	Sugar Times
116289	Sugar Times
116290	Sugar Times
116291	Sugar Times
116292	Sugar Times
116293	Sugar Times
116294	Sugar Times
116295	Sugar Times
116296	Sugar Times
116297	Sugar Times
116299	Sugar Times
116300	Sugar Times
116301	Sugar Times
116302	Sugar Times
116306	Sugar Times
116307	Sugar Times
116310	Sugar Times
116311	Sugar Times
116312	Sugar Times
116313	Sugar Times
116314	Sugar Times
116315	Sugar Times
116317	Sugar Times
116318	Sugar Times
116319	Sugar Times
116320	Sugar Times
116321	Sugar Times
116323	Sugar Times
116324	Sugar Times
116325	Sugar Times
116326	Sugar Times
116327	Sugar Times
116328	Sugar Times
116329	Sugar Times
116330	Sugar Times
116331	Sugar Times
116332	Sugar Times
116333	Sugar Times
116335	Sugar Times
116336	Sugar Times
116337	Sugar Times
116338	Sugar Times
116339	Sugar Times
116340	Sugar Times
116345	Sugar Times
116347	Sugar Times
116348	Sugar Times
116349	Sugar Times
116350	Sugar Times
116356	Sugar Times
116357	Sugar Times
116358	Sugar Times
116359	Sugar Times
116360	Sugar Times
116361	Sugar Times
116365	Sugar Times
116367	Sugar Times
116368	Sugar Times
116369	Sugar Times
116370	Sugar Times
116371	Sugar Times
116372	Sugar Times
116373	Sugar Times
116375	Sugar Times
116376	Sugar Times
116377	Sugar Times
116378	Sugar Times
116379	Sugar Times
116380	Sugar Times
116381	Sugar Times
116382	Sugar Times
116383	Sugar Times
116406	Sugar Times
116407	Sugar Times
116408	Sugar Times
116410	Sugar Times
116411	Sugar Times
116412	Sugar Times
116413	Sugar Times
116414	Sugar Times
116415	Sugar Times
116416	Sugar Times
116418	Sugar Times
116419	Sugar Times
116420	Sugar Times
116424	Sugar Times
116425	Sugar Times
116426	Sugar Times
116427	Sugar Times
116429	Sugar Times
116432	Sugar Times
116433	Sugar Times
116434	Sugar Times
116435	Sugar Times
116437	Sugar Times
116438	Sugar Times
116439	Sugar Times
116440	Sugar Times
116441	Sugar Times
116442	Sugar Times
116443	Sugar Times
116444	Sugar Times
116445	Sugar Times
116447	Sugar Times
116448	Sugar Times
116449	Sugar Times
116450	Sugar Times
116451	Sugar Times
116452	Sugar Times
116453	Sugar Times
116454	Sugar Times
116455	Sugar Times
116464	Sugar Times
116466	Sugar Times
116467	Sugar Times
116468	Sugar Times
116469	Sugar Times
116470	Sugar Times
116471	Sugar Times
116472	Sugar Times
116473	Sugar Times
116474	Sugar Times
116476	Sugar Times
116477	Sugar Times
116478	Sugar Times
116479	Sugar Times
116480	Sugar Times
116481	Sugar Times
116482	Sugar Times
116483	Sugar Times
116484	Sugar Times
116497	Sugar Times
116498	Sugar Times
116499	Sugar Times
116501	Sugar Times
116502	Sugar Times
116503	Sugar Times
116504	Sugar Times
116505	Sugar Times
116507	Sugar Times
116508	Sugar Times
116509	Sugar Times
116510	Sugar Times
116511	Sugar Times
116512	Sugar Times
116513	Sugar Times
116514	Sugar Times
116515	Sugar Times
116516	Sugar Times
116517	Sugar Times
116519	Sugar Times
116520	Sugar Times
116521	Sugar Times
116522	Sugar Times
116523	Sugar Times
116524	Sugar Times
116525	Sugar Times
116527	Sugar Times
116528	Sugar Times
116529	Sugar Times
116530	Sugar Times
116531	Sugar Times
116532	Sugar Times
116533	Sugar Times
116534	Sugar Times
116536	Sugar Times
116537	Sugar Times
116538	Sugar Times
116539	Sugar Times
116540	Sugar Times
116541	Sugar Times
116542	Sugar Times
116543	Sugar Times
116545	Sugar Times
116546	Sugar Times
116547	Sugar Times
116548	Sugar Times
116549	Sugar Times
116550	Sugar Times
116551	Sugar Times
116552	Sugar Times
116553	Sugar Times
116554	Sugar Times
116556	Sugar Times
116557	Sugar Times
116558	Sugar Times
116559	Sugar Times
116560	Sugar Times
116561	Sugar Times
116562	Sugar Times
116564	Sugar Times
116565	Sugar Times
116566	Sugar Times
116567	Sugar Times
116568	Sugar Times
116569	Sugar Times
116570	Sugar Times
116571	Sugar Times
116573	Sugar Times
116574	Sugar Times
116575	Sugar Times
116576	Sugar Times
116577	Sugar Times
116579	Sugar Times
116580	Sugar Times
116581	Sugar Times
116582	Sugar Times
116583	Sugar Times
116585	Sugar Times
116586	Sugar Times
116587	Sugar Times
116588	Sugar Times
116589	Sugar Times
116590	Sugar Times
116592	Sugar Times
116593	Sugar Times
116594	Sugar Times
116595	Sugar Times
116596	Sugar Times
116597	Sugar Times
116598	Sugar Times
116599	Sugar Times
116600	Sugar Times
116602	Sugar Times
116603	Sugar Times
116604	Sugar Times
116605	Sugar Times
116606	Sugar Times
116607	Sugar Times
116608	Sugar Times
116609	Sugar Times
116610	Sugar Times
116611	Sugar Times
116613	Sugar Times
116614	Sugar Times
116615	Sugar Times
116616	Sugar Times
116617	Sugar Times
116618	Sugar Times
116619	Sugar Times
116620	Sugar Times
116622	Sugar Times
116623	Sugar Times
116624	Sugar Times
116629	Sugar Times
116630	Sugar Times
116631	Sugar Times
116632	Sugar Times
116633	Sugar Times
116634	Sugar Times
116635	Sugar Times
116643	Sugar Times
116644	Sugar Times
116645	Sugar Times
116646	Sugar Times
116647	Sugar Times
116649	Sugar Times
116650	Sugar Times
116651	Sugar Times
116652	Sugar Times
116653	Sugar Times
116654	Sugar Times
116655	Sugar Times
116656	Sugar Times
116657	Sugar Times
116658	Sugar Times
116659	Sugar Times
116660	Sugar Times
116662	Sugar Times
116663	Sugar Times
116664	Sugar Times
116665	Sugar Times
116666	Sugar Times
116667	Sugar Times
116668	Sugar Times
116669	Sugar Times
116670	Sugar Times
116671	Sugar Times
116673	Sugar Times
116674	Sugar Times
116675	Sugar Times
116676	Sugar Times
116680	Sugar Times
116681	Sugar Times
116682	Sugar Times
116683	Sugar Times
116684	Sugar Times
116686	Sugar Times
116687	Sugar Times
116688	Sugar Times
116689	Sugar Times
116690	Sugar Times
116694	Sugar Times
116695	Sugar Times
116696	Sugar Times
116697	Sugar Times
116699	Sugar Times
116700	Sugar Times
116701	Sugar Times
116702	Sugar Times
116705	Sugar Times
116706	Sugar Times
116708	Sugar Times
116710	Sugar Times
116711	Sugar Times
116713	Sugar Times
116715	Sugar Times
116716	Sugar Times
116717	Sugar Times
116720	Sugar Times
116725	Sugar Times
116727	Sugar Times
116728	Sugar Times
116729	Sugar Times
116730	Sugar Times
116731	Sugar Times
116732	Sugar Times
116736	Sugar Times
116737	Sugar Times
116738	Sugar Times
116739	Sugar Times
116741	Sugar Times
116743	Sugar Times
116744	Sugar Times
116745	Sugar Times
116746	Sugar Times
116747	Sugar Times
116748	Sugar Times
116755	Sugar Times
116758	Sugar Times
116759	Sugar Times
116760	Sugar Times
116761	Sugar Times
116763	Sugar Times
116764	Sugar Times
116765	Sugar Times
116766	Sugar Times
116767	Sugar Times
116768	Sugar Times
116769	Sugar Times
116770	Sugar Times
116771	Sugar Times
116772	Sugar Times
116774	Sugar Times
116775	Sugar Times
116776	Sugar Times
116777	Sugar Times
116782	Sugar Times
116783	Sugar Times
116784	Sugar Times
116785	Sugar Times
116787	Sugar Times
116788	Sugar Times
116789	Sugar Times
116790	Sugar Times
116791	Sugar Times
116792	Sugar Times
116793	Sugar Times
116794	Sugar Times
116795	Sugar Times
116796	Sugar Times
116797	Sugar Times
116798	Sugar Times
116799	Sugar Times
116801	Sugar Times
116802	Sugar Times
116803	Sugar Times
116804	Sugar Times
116805	Sugar Times
116806	Sugar Times
116807	Sugar Times
116808	Sugar Times
116810	Sugar Times
116811	Sugar Times
116812	Sugar Times
116813	Sugar Times
116814	Sugar Times
116815	Sugar Times
116816	Sugar Times
116817	Sugar Times
116818	Sugar Times
116819	Sugar Times
116820	Sugar Times
116821	Sugar Times
116823	Sugar Times
116824	Sugar Times
116825	Sugar Times
116826	Sugar Times
116827	Sugar Times
116828	Sugar Times
116835	Sugar Times
116836	Sugar Times
116837	Sugar Times
116839	Sugar Times
116840	Sugar Times
116841	Sugar Times
116842	Sugar Times
116843	Sugar Times
116844	Sugar Times
116845	Sugar Times
116846	Sugar Times
116847	Sugar Times
116848	Sugar Times
116850	Sugar Times
116851	Sugar Times
116852	Sugar Times
116853	Sugar Times
116854	Sugar Times
116855	Sugar Times
116856	Sugar Times
116858	Sugar Times
116859	Sugar Times
116860	Sugar Times
116861	Sugar Times
116862	Sugar Times
116863	Sugar Times
116864	Sugar Times
116865	Sugar Times
116866	Sugar Times
116867	Sugar Times
116869	Sugar Times
116870	Sugar Times
116871	Sugar Times
116872	Sugar Times
116873	Sugar Times
116874	Sugar Times
116876	Sugar Times
116877	Sugar Times
116878	Sugar Times
116879	Sugar Times
116880	Sugar Times
116882	Sugar Times
116883	Sugar Times
116884	Sugar Times
116885	Sugar Times
116886	Sugar Times
116896	Sugar Times
116897	Sugar Times
116898	Sugar Times
116899	Sugar Times
116915	Sugar Times
116919	Sugar Times
116920	Sugar Times
116921	Sugar Times
116923	Sugar Times
116924	Sugar Times
116925	Sugar Times
116930	Sugar Times
116931	Sugar Times
116932	Sugar Times
116933	Sugar Times
116934	Sugar Times
116936	Sugar Times
116937	Sugar Times
116938	Sugar Times
116939	Sugar Times
116940	Sugar Times
116941	Sugar Times
116942	Sugar Times
116944	Sugar Times
116945	Sugar Times
116946	Sugar Times
116952	Sugar Times
116953	Sugar Times
116954	Sugar Times
116955	Sugar Times
116956	Sugar Times
116957	Sugar Times
116958	Sugar Times
116960	Sugar Times
116961	Sugar Times
116962	Sugar Times
116963	Sugar Times
116964	Sugar Times
116965	Sugar Times
116967	Sugar Times
116968	Sugar Times
116969	Sugar Times
116970	Sugar Times
116971	Sugar Times
116972	Sugar Times
116973	Sugar Times
116974	Sugar Times
116975	Sugar Times
116976	Sugar Times
116978	Sugar Times
116979	Sugar Times
116980	Sugar Times
116981	Sugar Times
116982	Sugar Times
116983	Sugar Times
116984	Sugar Times
116985	Sugar Times
116986	Sugar Times
116987	Sugar Times
116989	Sugar Times
116990	Sugar Times
116991	Sugar Times
116992	Sugar Times
116996	Sugar Times
116997	Sugar Times
116998	Sugar Times
116999	Sugar Times
117000	Sugar Times
117002	Sugar Times
117003	Sugar Times
117004	Sugar Times
117005	Sugar Times
117009	Sugar Times
117010	Sugar Times
117011	Sugar Times
117013	Sugar Times
117014	Sugar Times
117015	Sugar Times
117016	Sugar Times
117017	Sugar Times
117018	Sugar Times
117019	Sugar Times
117020	Sugar Times
117021	Sugar Times
117022	Sugar Times
117023	Sugar Times
117025	Sugar Times
117026	Sugar Times
117027	Sugar Times
117028	Sugar Times
117029	Sugar Times
117031	Sugar Times
117032	Sugar Times
117033	Sugar Times
117034	Sugar Times
117035	Sugar Times
117036	Sugar Times
117037	Sugar Times
117038	Sugar Times
117039	Sugar Times
117040	Sugar Times
117041	Sugar Times
117046	Sugar Times
117047	Sugar Times
117049	Sugar Times
117050	Sugar Times
117051	Sugar Times
117052	Sugar Times
117053	Sugar Times
117054	Sugar Times
117056	Sugar Times
117057	Sugar Times
117058	Sugar Times
117059	Sugar Times
117060	Sugar Times
117061	Sugar Times
117062	Sugar Times
117063	Sugar Times
117065	Sugar Times
117066	Sugar Times
117067	Sugar Times
117068	Sugar Times
117073	Sugar Times
117074	Sugar Times
117075	Sugar Times
117077	Sugar Times
117078	Sugar Times
117079	Sugar Times
117080	Sugar Times
117081	Sugar Times
117082	Sugar Times
117083	Sugar Times
117084	Sugar Times
117085	Sugar Times
117086	Sugar Times
117088	Sugar Times
117089	Sugar Times
117090	Sugar Times
117091	Sugar Times
117092	Sugar Times
117094	Sugar Times
117095	Sugar Times
117096	Sugar Times
117097	Sugar Times
117098	Sugar Times
117099	Sugar Times
117100	Sugar Times
117101	Sugar Times
117102	Sugar Times
117103	Sugar Times
117105	Sugar Times
117106	Sugar Times
117107	Sugar Times
117108	Sugar Times
117109	Sugar Times
117110	Sugar Times
117111	Sugar Times
117113	Sugar Times
117114	Sugar Times
117115	Sugar Times
117116	Sugar Times
117117	Sugar Times
117118	Sugar Times
117119	Sugar Times
117120	Sugar Times
117121	Sugar Times
117123	Sugar Times
117124	Sugar Times
117125	Sugar Times
117126	Sugar Times
117127	Sugar Times
117128	Sugar Times
117129	Sugar Times
117130	Sugar Times
117131	Sugar Times
117133	Sugar Times
117134	Sugar Times
117135	Sugar Times
117136	Sugar Times
117137	Sugar Times
117138	Sugar Times
117139	Sugar Times
117140	Sugar Times
117141	Sugar Times
117142	Sugar Times
117143	Sugar Times
117145	Sugar Times
117146	Sugar Times
117147	Sugar Times
117148	Sugar Times
117149	Sugar Times
117150	Sugar Times
117152	Sugar Times
117153	Sugar Times
117154	Sugar Times
117155	Sugar Times
117156	Sugar Times
117157	Sugar Times
117158	Sugar Times
117159	Sugar Times
117160	Sugar Times
117161	Sugar Times
117162	Sugar Times
117163	Sugar Times
117165	Sugar Times
117166	Sugar Times
117167	Sugar Times
117168	Sugar Times
117169	Sugar Times
117170	Sugar Times
117171	Sugar Times
117172	Sugar Times
117173	Sugar Times
117175	Sugar Times
117176	Sugar Times
117177	Sugar Times
117178	Sugar Times
117179	Sugar Times
117183	Sugar Times
117184	Sugar Times
117185	Sugar Times
117186	Sugar Times
117187	Sugar Times
117189	Sugar Times
117190	Sugar Times
117191	Sugar Times
117192	Sugar Times
117193	Sugar Times
117194	Sugar Times
117195	Sugar Times
117196	Sugar Times
117197	Sugar Times
117199	Sugar Times
117200	Sugar Times
117201	Sugar Times
117202	Sugar Times
117203	Sugar Times
117204	Sugar Times
117205	Sugar Times
117206	Sugar Times
117207	Sugar Times
117208	Sugar Times
117209	Sugar Times
117211	Sugar Times
117212	Sugar Times
117213	Sugar Times
117214	Sugar Times
117224	Sugar Times
117225	Sugar Times
117227	Sugar Times
117228	Sugar Times
117229	Sugar Times
117230	Sugar Times
117231	Sugar Times
117232	Sugar Times
117233	Sugar Times
117234	Sugar Times
117235	Sugar Times
117236	Sugar Times
117238	Sugar Times
117239	Sugar Times
117240	Sugar Times
117241	Sugar Times
117242	Sugar Times
117243	Sugar Times
117244	Sugar Times
117246	Sugar Times
117247	Sugar Times
117248	Sugar Times
117249	Sugar Times
117250	Sugar Times
117251	Sugar Times
117252	Sugar Times
117253	Sugar Times
117255	Sugar Times
117256	Sugar Times
117257	Sugar Times
117258	Sugar Times
117259	Sugar Times
117260	Sugar Times
117261	Sugar Times
117263	Sugar Times
117264	Sugar Times
117265	Sugar Times
117266	Sugar Times
117267	Sugar Times
117268	Sugar Times
117269	Sugar Times
117270	Sugar Times
117271	Sugar Times
117272	Sugar Times
117274	Sugar Times
117275	Sugar Times
117276	Sugar Times
117277	Sugar Times
117278	Sugar Times
117279	Sugar Times
117281	Sugar Times
117282	Sugar Times
117283	Sugar Times
117284	Sugar Times
117285	Sugar Times
117286	Sugar Times
117287	Sugar Times
117288	Sugar Times
117289	Sugar Times
117290	Sugar Times
117292	Sugar Times
117293	Sugar Times
117294	Sugar Times
117295	Sugar Times
117296	Sugar Times
117297	Sugar Times
117298	Sugar Times
117300	Sugar Times
117301	Sugar Times
117302	Sugar Times
98265	Sugar Times Team
98853	Sugar Times Team
101589	Sugar Times Team
101595	Sugar Times Team
101632	Sugar Times Team
103546	Sugar Times Team
103858	Sugar Times Team
105773	Sugar Times Team
106547	Sugar Times Team
106560	Sugar Times Team
106741	Sugar Times Team
107064	Sugar Times Team
107894	Sugar Times Team
108040	Sugar Times Team
108045	Sugar Times Team
108821	Sugar Times Team
109115	Sugar Times Team
110609	Sugar Times Team
112413	Sugar Times Team
113214	Sugar Times Team
113379	Sugar Times Team
114075	Sugar Times Team
114087	Sugar Times Team
114672	Sugar Times Team
103590	Sugar Times Team
107361	Sugar Times Team
108092	Sugar Times Team
102083	Sugar Times Team
58461	Sugar Times
58554	Sugar Times
58657	Sugar Times
59024	Sugar Times
59109	Sugar Times
59129	Sugar Times
59240	Sugar Times
59267	Sugar Times
59287	Sugar Times
59299	Sugar Times
59380	Sugar Times
59566	Sugar Times
59598	Sugar Times
59675	Sugar Times
59719	Sugar Times
59720	Sugar Times
59723	Sugar Times
59745	Sugar Times
59751	Sugar Times
60237	Sugar Times
60330	Sugar Times
60351	Sugar Times
60379	Sugar Times
60388	Sugar Times
60528	Sugar Times
60579	Sugar Times
60596	Sugar Times
60644	Sugar Times
60882	Sugar Times
60987	Sugar Times
60996	Sugar Times
60997	Sugar Times
61036	Sugar Times
61116	Sugar Times
61147	Sugar Times
61234	Sugar Times
61451	Sugar Times
61499	Sugar Times
61504	Sugar Times
61509	Sugar Times
61510	Sugar Times
61560	Sugar Times
61615	Sugar Times
61620	Sugar Times
61622	Sugar Times
61640	Sugar Times
61641	Sugar Times
62082	Sugar Times
62089	Sugar Times
67564	Sugar Times
67567	Sugar Times
67739	Sugar Times
68222	Sugar Times
68240	Sugar Times
68266	Sugar Times
68315	Sugar Times
68390	Sugar Times
68402	Sugar Times
68574	Sugar Times
68661	Sugar Times
68692	Sugar Times
68709	Sugar Times
68821	Sugar Times
68841	Sugar Times
68855	Sugar Times
68874	Sugar Times
68906	Sugar Times
72127	Sugar Times
72137	Sugar Times
72140	Sugar Times
72157	Sugar Times
72184	Sugar Times
72202	Sugar Times
72207	Sugar Times
72212	Sugar Times
72238	Sugar Times
72294	Sugar Times
72297	Sugar Times
72327	Sugar Times
72354	Sugar Times
72512	Sugar Times
73116	Sugar Times
73128	Sugar Times
73144	Sugar Times
73330	Sugar Times
73375	Sugar Times
73397	Sugar Times
73795	Sugar Times
73820	Sugar Times
73898	Sugar Times
73912	Sugar Times
73914	Sugar Times
73946	Sugar Times
73995	Sugar Times
74003	Sugar Times
74075	Sugar Times
74129	Sugar Times
74366	Sugar Times
74585	Sugar Times
74682	Sugar Times
74695	Sugar Times
75138	Sugar Times
75267	Sugar Times
75726	Sugar Times
75731	Sugar Times
75765	Sugar Times
76100	Sugar Times
76133	Sugar Times
76143	Sugar Times
76147	Sugar Times
76222	Sugar Times
76318	Sugar Times
76330	Sugar Times
76390	Sugar Times
76453	Sugar Times
76471	Sugar Times
76495	Sugar Times
76497	Sugar Times
76498	Sugar Times
77092	Sugar Times
77179	Sugar Times
77287	Sugar Times
77494	Sugar Times
77496	Sugar Times
77515	Sugar Times
77556	Sugar Times
77640	Sugar Times
77646	Sugar Times
77647	Sugar Times
77659	Sugar Times
77660	Sugar Times
77663	Sugar Times
77673	Sugar Times
77674	Sugar Times
77689	Sugar Times
77840	Sugar Times
77864	Sugar Times
77883	Sugar Times
77990	Sugar Times
79054	Sugar Times
81586	Sugar Times
81588	Sugar Times
81623	Sugar Times
81629	Sugar Times
81669	Sugar Times
81767	Sugar Times
82222	Sugar Times
82247	Sugar Times
82405	Sugar Times
82513	Sugar Times
82528	Sugar Times
82540	Sugar Times
82593	Sugar Times
82620	Sugar Times
82672	Sugar Times
83148	Sugar Times
83215	Sugar Times
83363	Sugar Times
83446	Sugar Times
83464	Sugar Times
83466	Sugar Times
83560	Sugar Times
83959	Sugar Times
83963	Sugar Times
83967	Sugar Times
84335	Sugar Times
84459	Sugar Times
84468	Sugar Times
84478	Sugar Times
84527	Sugar Times
84652	Sugar Times
84653	Sugar Times
84692	Sugar Times
84719	Sugar Times
84734	Sugar Times
84790	Sugar Times
84818	Sugar Times
84829	Sugar Times
85284	Sugar Times
85407	Sugar Times
85417	Sugar Times
85733	Sugar Times
85834	Sugar Times
85865	Sugar Times
85961	Sugar Times
85971	Sugar Times
86223	Sugar Times
86229	Sugar Times
86289	Sugar Times
86330	Sugar Times
87445	Sugar Times
87626	Sugar Times
88454	Sugar Times
88665	Sugar Times
88681	Sugar Times
89348	Sugar Times
89356	Sugar Times
89498	Sugar Times
89814	Sugar Times
89845	Sugar Times
89979	Sugar Times
90096	Sugar Times
90141	Sugar Times
90173	Sugar Times
91008	Sugar Times
91017	Sugar Times
91275	Sugar Times
91442	Sugar Times
91463	Sugar Times
91464	Sugar Times
91574	Sugar Times
91635	Sugar Times
91662	Sugar Times
91671	Sugar Times
91769	Sugar Times
94134	Sugar Times
94169	Sugar Times
94241	Sugar Times
94350	Sugar Times
94866	Sugar Times
95120	Sugar Times
97563	Sugar Times
97571	Sugar Times
97587	Sugar Times
97706	Sugar Times
97803	Sugar Times
98123	Sugar Times
98742	Sugar Times
98748	Sugar Times
98750	Sugar Times
98754	Sugar Times
98767	Sugar Times
99102	Sugar Times
99749	Sugar Times
101693	Sugar Times
101807	Sugar Times
106394	Sugar Times
106423	Sugar Times
106535	Sugar Times
107360	Sugar Times
108126	Sugar Times
108132	Sugar Times
115257	Sugar Times
115293	Sugar Times
116626	Sugar Times
116637	Sugar Times
116640	Sugar Times
117614	Sugar Times
117617	Sugar Times
117626	Sugar Times
117629	Sugar Times
117632	Sugar Times
117635	Sugar Times
117638	Sugar Times
117641	Sugar Times
117644	Sugar Times
117647	Sugar Times
117650	Sugar Times
117653	Sugar Times
117656	Sugar Times
117659	Sugar Times
117660	Sugar Times
117664	Sugar Times
117667	Sugar Times
117670	Sugar Times
117673	Sugar Times
117676	Sugar Times
117679	Sugar Times
117682	Sugar Times
117685	Sugar Times
117688	Sugar Times
117691	Sugar Times
117699	Sugar Times
117705	Sugar Times
117714	Sugar Times
117723	Sugar Times
117728	Sugar Times
117732	Sugar Times
117743	Sugar Times
117746	Sugar Times
117754	Sugar Times
117759	Sugar Times
117766	Sugar Times
117773	Sugar Times
117777	Sugar Times
117780	Sugar Times
117783	Sugar Times
117786	Sugar Times
117789	Sugar Times
117791	Sugar Times
117795	Sugar Times
117798	Sugar Times
117801	Sugar Times
117804	Sugar Times
117809	Sugar Times
117814	Sugar Times
117818	Sugar Times
117826	Sugar Times
117837	Sugar Times
117842	Sugar Times
117845	Sugar Times
7653	Sugar Times Team
7684	Sugar Times Team
7695	Sugar Times Team
7711	Sugar Times Team
7712	Sugar Times Team
7778	Sugar Times Team
7782	Sugar Times Team
7787	Sugar Times Team
7793	Sugar Times Team
7815	Sugar Times Team
7823	Sugar Times Team
7826	Sugar Times Team
7840	Sugar Times Team
7874	Sugar Times Team
7893	Sugar Times Team
7906	Sugar Times Team
7918	Sugar Times Team
7923	Sugar Times Team
7944	Sugar Times Team
7947	Sugar Times Team
7980	Sugar Times Team
7983	Sugar Times Team
7985	Sugar Times Team
7994	Sugar Times Team
7995	Sugar Times Team
7999	Sugar Times Team
8013	Sugar Times Team
8032	Sugar Times Team
8037	Sugar Times Team
8041	Sugar Times Team
8051	Sugar Times Team
8055	Sugar Times Team
8058	Sugar Times Team
8071	Sugar Times Team
8076	Sugar Times Team
8078	Sugar Times Team
8081	Sugar Times Team
8084	Sugar Times Team
8107	Sugar Times Team
8123	Sugar Times Team
8128	Sugar Times Team
8181	Sugar Times Team
8197	Sugar Times Team
8202	Sugar Times Team
8207	Sugar Times Team
8222	Sugar Times Team
8223	Sugar Times Team
8238	Sugar Times Team
8265	Sugar Times Team
8298	Sugar Times Team
8305	Sugar Times Team
8308	Sugar Times Team
8322	Sugar Times Team
8330	Sugar Times Team
8397	Sugar Times Team
8416	Sugar Times Team
8446	Sugar Times Team
8485	Sugar Times Team
8526	Sugar Times Team
12155	Sugar Times Team
12158	Sugar Times Team
12160	Sugar Times Team
12163	Sugar Times Team
12165	Sugar Times Team
12171	Sugar Times Team
12173	Sugar Times Team
12175	Sugar Times Team
12178	Sugar Times Team
12180	Sugar Times Team
12182	Sugar Times Team
12184	Sugar Times Team
12186	Sugar Times Team
12188	Sugar Times Team
12190	Sugar Times Team
12219	Sugar Times Team
12255	Sugar Times Team
12262	Sugar Times Team
12264	Sugar Times Team
12267	Sugar Times Team
12294	Sugar Times Team
12295	Sugar Times Team
12304	Sugar Times Team
12306	Sugar Times Team
12308	Sugar Times Team
12310	Sugar Times Team
12313	Sugar Times Team
12315	Sugar Times Team
12317	Sugar Times Team
12320	Sugar Times Team
12326	Sugar Times Team
12330	Sugar Times Team
12336	Sugar Times Team
12342	Sugar Times Team
12403	Sugar Times Team
12406	Sugar Times Team
12412	Sugar Times Team
12414	Sugar Times Team
12416	Sugar Times Team
12423	Sugar Times Team
12429	Sugar Times Team
12431	Sugar Times Team
12433	Sugar Times Team
12437	Sugar Times Team
12460	Sugar Times Team
12462	Sugar Times Team
12465	Sugar Times Team
12466	Sugar Times Team
12472	Sugar Times Team
12476	Sugar Times Team
12516	Sugar Times Team
12520	Sugar Times Team
12532	Sugar Times Team
12536	Sugar Times Team
12554	Sugar Times Team
12560	Sugar Times Team
12596	Sugar Times Team
12601	Sugar Times Team
12607	Sugar Times Team
12611	Sugar Times Team
12615	Sugar Times Team
12624	Sugar Times Team
12625	Sugar Times Team
12629	Sugar Times Team
12675	Sugar Times Team
12680	Sugar Times Team
12681	Sugar Times Team
12684	Sugar Times Team
12687	Sugar Times Team
12692	Sugar Times Team
12694	Sugar Times Team
12721	Sugar Times Team
12723	Sugar Times Team
12735	Sugar Times Team
12737	Sugar Times Team
12741	Sugar Times Team
12742	Sugar Times Team
12746	Sugar Times Team
12748	Sugar Times Team
12749	Sugar Times Team
12753	Sugar Times Team
12754	Sugar Times Team
12787	Sugar Times Team
12789	Sugar Times Team
12792	Sugar Times Team
12794	Sugar Times Team
12798	Sugar Times Team
12802	Sugar Times Team
12805	Sugar Times Team
12810	Sugar Times Team
12814	Sugar Times Team
12818	Sugar Times Team
12831	Sugar Times Team
12845	Sugar Times Team
12847	Sugar Times Team
12849	Sugar Times Team
12852	Sugar Times Team
12856	Sugar Times Team
12858	Sugar Times Team
12860	Sugar Times Team
12863	Sugar Times Team
12869	Sugar Times Team
12871	Sugar Times Team
12875	Sugar Times Team
12943	Sugar Times Team
12945	Sugar Times Team
12954	Sugar Times Team
12960	Sugar Times Team
12962	Sugar Times Team
12966	Sugar Times Team
12967	Sugar Times Team
12970	Sugar Times Team
12982	Sugar Times Team
13004	Sugar Times Team
13018	Sugar Times Team
13020	Sugar Times Team
13036	Sugar Times Team
13038	Sugar Times Team
13062	Sugar Times Team
13066	Sugar Times Team
13117	Sugar Times Team
13134	Sugar Times Team
13142	Sugar Times Team
13144	Sugar Times Team
13147	Sugar Times Team
13149	Sugar Times Team
13152	Sugar Times Team
13156	Sugar Times Team
13199	Sugar Times Team
13203	Sugar Times Team
13205	Sugar Times Team
13207	Sugar Times Team
13210	Sugar Times Team
13212	Sugar Times Team
13215	Sugar Times Team
13220	Sugar Times Team
13223	Sugar Times Team
13227	Sugar Times Team
13232	Sugar Times Team
13235	Sugar Times Team
13239	Sugar Times Team
13243	Sugar Times Team
13247	Sugar Times Team
13259	Sugar Times Team
13270	Sugar Times Team
13276	Sugar Times Team
13277	Sugar Times Team
13287	Sugar Times Team
13290	Sugar Times Team
13294	Sugar Times Team
13304	Sugar Times Team
13353	Sugar Times Team
13392	Sugar Times Team
13408	Sugar Times Team
13412	Sugar Times Team
13417	Sugar Times Team
13443	Sugar Times Team
13448	Sugar Times Team
13450	Sugar Times Team
13455	Sugar Times Team
13467	Sugar Times Team
13469	Sugar Times Team
13495	Sugar Times Team
13497	Sugar Times Team
13498	Sugar Times Team
13500	Sugar Times Team
13503	Sugar Times Team
13506	Sugar Times Team
13512	Sugar Times Team
13513	Sugar Times Team
13517	Sugar Times Team
13539	Sugar Times Team
13541	Sugar Times Team
13542	Sugar Times Team
13545	Sugar Times Team
13557	Sugar Times Team
13561	Sugar Times Team
13563	Sugar Times Team
13570	Sugar Times Team
13571	Sugar Times Team
13580	Sugar Times Team
13582	Sugar Times Team
13584	Sugar Times Team
13588	Sugar Times Team
13623	Sugar Times Team
13636	Sugar Times Team
13640	Sugar Times Team
13650	Sugar Times Team
13654	Sugar Times Team
13664	Sugar Times Team
13695	Sugar Times Team
13697	Sugar Times Team
13706	Sugar Times Team
13710	Sugar Times Team
13712	Sugar Times Team
13713	Sugar Times Team
13715	Sugar Times Team
13717	Sugar Times Team
13719	Sugar Times Team
13723	Sugar Times Team
13725	Sugar Times Team
13727	Sugar Times Team
13733	Sugar Times Team
13736	Sugar Times Team
13738	Sugar Times Team
13740	Sugar Times Team
13741	Sugar Times Team
13743	Sugar Times Team
13745	Sugar Times Team
13748	Sugar Times Team
13751	Sugar Times Team
13753	Sugar Times Team
13755	Sugar Times Team
13818	Sugar Times Team
13820	Sugar Times Team
13826	Sugar Times Team
13828	Sugar Times Team
13829	Sugar Times Team
13832	Sugar Times Team
13834	Sugar Times Team
13840	Sugar Times Team
13845	Sugar Times Team
13875	Sugar Times Team
13934	Sugar Times Team
13943	Sugar Times Team
13946	Sugar Times Team
13948	Sugar Times Team
13956	Sugar Times Team
13960	Sugar Times Team
13963	Sugar Times Team
13967	Sugar Times Team
13968	Sugar Times Team
13975	Sugar Times Team
13977	Sugar Times Team
13979	Sugar Times Team
13982	Sugar Times Team
13986	Sugar Times Team
13988	Sugar Times Team
14000	Sugar Times Team
14002	Sugar Times Team
14004	Sugar Times Team
14011	Sugar Times Team
14083	Sugar Times Team
14088	Sugar Times Team
14090	Sugar Times Team
14093	Sugar Times Team
14094	Sugar Times Team
14096	Sugar Times Team
14135	Sugar Times Team
14143	Sugar Times Team
14146	Sugar Times Team
14159	Sugar Times Team
14164	Sugar Times Team
14165	Sugar Times Team
14167	Sugar Times Team
14169	Sugar Times Team
14173	Sugar Times Team
14174	Sugar Times Team
14176	Sugar Times Team
14177	Sugar Times Team
14179	Sugar Times Team
14184	Sugar Times Team
14188	Sugar Times Team
14194	Sugar Times Team
14243	Sugar Times Team
14257	Sugar Times Team
14263	Sugar Times Team
14278	Sugar Times Team
14319	Sugar Times Team
14328	Sugar Times Team
14341	Sugar Times Team
14345	Sugar Times Team
14357	Sugar Times Team
14365	Sugar Times Team
14372	Sugar Times Team
14377	Sugar Times Team
14381	Sugar Times Team
14382	Sugar Times Team
14387	Sugar Times Team
14388	Sugar Times Team
14435	Sugar Times Team
14437	Sugar Times Team
14438	Sugar Times Team
14450	Sugar Times Team
14454	Sugar Times Team
14456	Sugar Times Team
14486	Sugar Times Team
14493	Sugar Times Team
14518	Sugar Times Team
14527	Sugar Times Team
14528	Sugar Times Team
14534	Sugar Times Team
14536	Sugar Times Team
14540	Sugar Times Team
14542	Sugar Times Team
14583	Sugar Times Team
14585	Sugar Times Team
14593	Sugar Times Team
14595	Sugar Times Team
14600	Sugar Times Team
14604	Sugar Times Team
14631	Sugar Times Team
14645	Sugar Times Team
14647	Sugar Times Team
14649	Sugar Times Team
14655	Sugar Times Team
14659	Sugar Times Team
14664	Sugar Times Team
14666	Sugar Times Team
14671	Sugar Times Team
14672	Sugar Times Team
14674	Sugar Times Team
14682	Sugar Times Team
14696	Sugar Times Team
14698	Sugar Times Team
14702	Sugar Times Team
14704	Sugar Times Team
14711	Sugar Times Team
14712	Sugar Times Team
14717	Sugar Times Team
14719	Sugar Times Team
14729	Sugar Times Team
14744	Sugar Times Team
14746	Sugar Times Team
14748	Sugar Times Team
14752	Sugar Times Team
14854	Sugar Times Team
14858	Sugar Times Team
14861	Sugar Times Team
14863	Sugar Times Team
14866	Sugar Times Team
14870	Sugar Times Team
14871	Sugar Times Team
14902	Sugar Times Team
14904	Sugar Times Team
14909	Sugar Times Team
14913	Sugar Times Team
14924	Sugar Times Team
14928	Sugar Times Team
14930	Sugar Times Team
14931	Sugar Times Team
14934	Sugar Times Team
14938	Sugar Times Team
14949	Sugar Times Team
14980	Sugar Times Team
14982	Sugar Times Team
14986	Sugar Times Team
14995	Sugar Times Team
15007	Sugar Times Team
15009	Sugar Times Team
15011	Sugar Times Team
15020	Sugar Times Team
15023	Sugar Times Team
15029	Sugar Times Team
15033	Sugar Times Team
15035	Sugar Times Team
15037	Sugar Times Team
15039	Sugar Times Team
15041	Sugar Times Team
15042	Sugar Times Team
15045	Sugar Times Team
15049	Sugar Times Team
15054	Sugar Times Team
15104	Sugar Times Team
15112	Sugar Times Team
15118	Sugar Times Team
15120	Sugar Times Team
15122	Sugar Times Team
15124	Sugar Times Team
15131	Sugar Times Team
15139	Sugar Times Team
15151	Sugar Times Team
15153	Sugar Times Team
15168	Sugar Times Team
15185	Sugar Times Team
15186	Sugar Times Team
15193	Sugar Times Team
15195	Sugar Times Team
15287	Sugar Times Team
15289	Sugar Times Team
15295	Sugar Times Team
15296	Sugar Times Team
15300	Sugar Times Team
15314	Sugar Times Team
15339	Sugar Times Team
15343	Sugar Times Team
15344	Sugar Times Team
15346	Sugar Times Team
15352	Sugar Times Team
15353	Sugar Times Team
15364	Sugar Times Team
15379	Sugar Times Team
15453	Sugar Times Team
15456	Sugar Times Team
15457	Sugar Times Team
15464	Sugar Times Team
15466	Sugar Times Team
15468	Sugar Times Team
15471	Sugar Times Team
15473	Sugar Times Team
15522	Sugar Times Team
15526	Sugar Times Team
15569	Sugar Times Team
15610	Sugar Times Team
15613	Sugar Times Team
15619	Sugar Times Team
15622	Sugar Times Team
15624	Sugar Times Team
15645	Sugar Times Team
15649	Sugar Times Team
15653	Sugar Times Team
15660	Sugar Times Team
15669	Sugar Times Team
15683	Sugar Times Team
15695	Sugar Times Team
15696	Sugar Times Team
15697	Sugar Times Team
15700	Sugar Times Team
15703	Sugar Times Team
15707	Sugar Times Team
15716	Sugar Times Team
15719	Sugar Times Team
15721	Sugar Times Team
15732	Sugar Times Team
15735	Sugar Times Team
15739	Sugar Times Team
15755	Sugar Times Team
15773	Sugar Times Team
15775	Sugar Times Team
15777	Sugar Times Team
15932	Sugar Times Team
15935	Sugar Times Team
15937	Sugar Times Team
15948	Sugar Times Team
15966	Sugar Times Team
15978	Sugar Times Team
16029	Sugar Times Team
16031	Sugar Times Team
16037	Sugar Times Team
16056	Sugar Times Team
16057	Sugar Times Team
16059	Sugar Times Team
16065	Sugar Times Team
16067	Sugar Times Team
16069	Sugar Times Team
16073	Sugar Times Team
16107	Sugar Times Team
16109	Sugar Times Team
16117	Sugar Times Team
16118	Sugar Times Team
16121	Sugar Times Team
16123	Sugar Times Team
16127	Sugar Times Team
16129	Sugar Times Team
16133	Sugar Times Team
16135	Sugar Times Team
16149	Sugar Times Team
16158	Sugar Times Team
16159	Sugar Times Team
16161	Sugar Times Team
16166	Sugar Times Team
16184	Sugar Times Team
16187	Sugar Times Team
16196	Sugar Times Team
16200	Sugar Times Team
16215	Sugar Times Team
16216	Sugar Times Team
16220	Sugar Times Team
16223	Sugar Times Team
16361	Sugar Times Team
16368	Sugar Times Team
16370	Sugar Times Team
16374	Sugar Times Team
16376	Sugar Times Team
16377	Sugar Times Team
16379	Sugar Times Team
16400	Sugar Times Team
16402	Sugar Times Team
16409	Sugar Times Team
16413	Sugar Times Team
16437	Sugar Times Team
16463	Sugar Times Team
16468	Sugar Times Team
16472	Sugar Times Team
16501	Sugar Times Team
16508	Sugar Times Team
16513	Sugar Times Team
16515	Sugar Times Team
16521	Sugar Times Team
16524	Sugar Times Team
16530	Sugar Times Team
16625	Sugar Times Team
16652	Sugar Times Team
16661	Sugar Times Team
16667	Sugar Times Team
16671	Sugar Times Team
16749	Sugar Times Team
16753	Sugar Times Team
16754	Sugar Times Team
16762	Sugar Times Team
16775	Sugar Times Team
16778	Sugar Times Team
16799	Sugar Times Team
16810	Sugar Times Team
16825	Sugar Times Team
16834	Sugar Times Team
16856	Sugar Times Team
16861	Sugar Times Team
16921	Sugar Times Team
16932	Sugar Times Team
16944	Sugar Times Team
17004	Sugar Times Team
17015	Sugar Times Team
17054	Sugar Times Team
17072	Sugar Times Team
17105	Sugar Times Team
17214	Sugar Times Team
17218	Sugar Times Team
17230	Sugar Times Team
17269	Sugar Times Team
17388	Sugar Times Team
17440	Sugar Times Team
17444	Sugar Times Team
17448	Sugar Times Team
17472	Sugar Times Team
17533	Sugar Times Team
17550	Sugar Times Team
17552	Sugar Times Team
17555	Sugar Times Team
17557	Sugar Times Team
17558	Sugar Times Team
17561	Sugar Times Team
17563	Sugar Times Team
17568	Sugar Times Team
17612	Sugar Times Team
17621	Sugar Times Team
17623	Sugar Times Team
17629	Sugar Times Team
17635	Sugar Times Team
17639	Sugar Times Team
17643	Sugar Times Team
17645	Sugar Times Team
17647	Sugar Times Team
17657	Sugar Times Team
17661	Sugar Times Team
17670	Sugar Times Team
17673	Sugar Times Team
17676	Sugar Times Team
17681	Sugar Times Team
17684	Sugar Times Team
17690	Sugar Times Team
17692	Sugar Times Team
17694	Sugar Times Team
17704	Sugar Times Team
17737	Sugar Times Team
17740	Sugar Times Team
17750	Sugar Times Team
17835	Sugar Times Team
17836	Sugar Times Team
17838	Sugar Times Team
17840	Sugar Times Team
17909	Sugar Times Team
17924	Sugar Times Team
17927	Sugar Times Team
17970	Sugar Times Team
17971	Sugar Times Team
17978	Sugar Times Team
17980	Sugar Times Team
18008	Sugar Times Team
18118	Sugar Times Team
18127	Sugar Times Team
18157	Sugar Times Team
18201	Sugar Times Team
18210	Sugar Times Team
18214	Sugar Times Team
18222	Sugar Times Team
18228	Sugar Times Team
18237	Sugar Times Team
18239	Sugar Times Team
18242	Sugar Times Team
18251	Sugar Times Team
18280	Sugar Times Team
18319	Sugar Times Team
18344	Sugar Times Team
18353	Sugar Times Team
18355	Sugar Times Team
18375	Sugar Times Team
18376	Sugar Times Team
18389	Sugar Times Team
18410	Sugar Times Team
18412	Sugar Times Team
18414	Sugar Times Team
18550	Sugar Times Team
18606	Sugar Times Team
18615	Sugar Times Team
18617	Sugar Times Team
18743	Sugar Times Team
18752	Sugar Times Team
18754	Sugar Times Team
18756	Sugar Times Team
18760	Sugar Times Team
18762	Sugar Times Team
18771	Sugar Times Team
18777	Sugar Times Team
18840	Sugar Times Team
18848	Sugar Times Team
18855	Sugar Times Team
18872	Sugar Times Team
18877	Sugar Times Team
18881	Sugar Times Team
18883	Sugar Times Team
18888	Sugar Times Team
18890	Sugar Times Team
18892	Sugar Times Team
18901	Sugar Times Team
18909	Sugar Times Team
18911	Sugar Times Team
18956	Sugar Times Team
18959	Sugar Times Team
18971	Sugar Times Team
18988	Sugar Times Team
18990	Sugar Times Team
18992	Sugar Times Team
19014	Sugar Times Team
19038	Sugar Times Team
19040	Sugar Times Team
19061	Sugar Times Team
19068	Sugar Times Team
19086	Sugar Times Team
19094	Sugar Times Team
19147	Sugar Times Team
19158	Sugar Times Team
19173	Sugar Times Team
19193	Sugar Times Team
19201	Sugar Times Team
19225	Sugar Times Team
19242	Sugar Times Team
19245	Sugar Times Team
19266	Sugar Times Team
19277	Sugar Times Team
19289	Sugar Times Team
19316	Sugar Times Team
19516	Sugar Times Team
19530	Sugar Times Team
19533	Sugar Times Team
19542	Sugar Times Team
19545	Sugar Times Team
19551	Sugar Times Team
19560	Sugar Times Team
19577	Sugar Times Team
19584	Sugar Times Team
19596	Sugar Times Team
19598	Sugar Times Team
19617	Sugar Times Team
19619	Sugar Times Team
19621	Sugar Times Team
19626	Sugar Times Team
19628	Sugar Times Team
19630	Sugar Times Team
19637	Sugar Times Team
19650	Sugar Times Team
19656	Sugar Times Team
19661	Sugar Times Team
19665	Sugar Times Team
19703	Sugar Times Team
19708	Sugar Times Team
19723	Sugar Times Team
19732	Sugar Times Team
19739	Sugar Times Team
19903	Sugar Times Team
19917	Sugar Times Team
19919	Sugar Times Team
19960	Sugar Times Team
19965	Sugar Times Team
20038	Sugar Times Team
20092	Sugar Times Team
20093	Sugar Times Team
20103	Sugar Times Team
20108	Sugar Times Team
20110	Sugar Times Team
20117	Sugar Times Team
20123	Sugar Times Team
20162	Sugar Times Team
20175	Sugar Times Team
20177	Sugar Times Team
20205	Sugar Times Team
20222	Sugar Times Team
20251	Sugar Times Team
20274	Sugar Times Team
20567	Sugar Times Team
20570	Sugar Times Team
20589	Sugar Times Team
20600	Sugar Times Team
20604	Sugar Times Team
20605	Sugar Times Team
20608	Sugar Times Team
20621	Sugar Times Team
20623	Sugar Times Team
20630	Sugar Times Team
20636	Sugar Times Team
20645	Sugar Times Team
20646	Sugar Times Team
20655	Sugar Times Team
20658	Sugar Times Team
20686	Sugar Times Team
20691	Sugar Times Team
20715	Sugar Times Team
20719	Sugar Times Team
20737	Sugar Times Team
20759	Sugar Times Team
20771	Sugar Times Team
20774	Sugar Times Team
20780	Sugar Times Team
20786	Sugar Times Team
20791	Sugar Times Team
20800	Sugar Times Team
20806	Sugar Times Team
20809	Sugar Times Team
20825	Sugar Times Team
21044	Sugar Times Team
21052	Sugar Times Team
21058	Sugar Times Team
21071	Sugar Times Team
21085	Sugar Times Team
21094	Sugar Times Team
21099	Sugar Times Team
21102	Sugar Times Team
21111	Sugar Times Team
21137	Sugar Times Team
21139	Sugar Times Team
21141	Sugar Times Team
21149	Sugar Times Team
21198	Sugar Times Team
21214	Sugar Times Team
21245	Sugar Times Team
21298	Sugar Times Team
21312	Sugar Times Team
21317	Sugar Times Team
21324	Sugar Times Team
21326	Sugar Times Team
21331	Sugar Times Team
21341	Sugar Times Team
21343	Sugar Times Team
21530	Sugar Times Team
21551	Sugar Times Team
21590	Sugar Times Team
21612	Sugar Times Team
21636	Sugar Times Team
21656	Sugar Times Team
21662	Sugar Times Team
21704	Sugar Times Team
21727	Sugar Times Team
21731	Sugar Times Team
21766	Sugar Times Team
21774	Sugar Times Team
21810	Sugar Times Team
21833	Sugar Times Team
21835	Sugar Times Team
21850	Sugar Times Team
22109	Sugar Times Team
22160	Sugar Times Team
22174	Sugar Times Team
22382	Sugar Times Team
22448	Sugar Times Team
22453	Sugar Times Team
22459	Sugar Times Team
22489	Sugar Times Team
22490	Sugar Times Team
22534	Sugar Times Team
22544	Sugar Times Team
22556	Sugar Times Team
22566	Sugar Times Team
22572	Sugar Times Team
22636	Sugar Times Team
22643	Sugar Times Team
22647	Sugar Times Team
22658	Sugar Times Team
22693	Sugar Times Team
22721	Sugar Times Team
22725	Sugar Times Team
22727	Sugar Times Team
22735	Sugar Times Team
22745	Sugar Times Team
22749	Sugar Times Team
22783	Sugar Times Team
22789	Sugar Times Team
22820	Sugar Times Team
22827	Sugar Times Team
22839	Sugar Times Team
22844	Sugar Times Team
22856	Sugar Times Team
22879	Sugar Times Team
22885	Sugar Times Team
22929	Sugar Times Team
22937	Sugar Times Team
22943	Sugar Times Team
23003	Sugar Times Team
23005	Sugar Times Team
23208	Sugar Times Team
23215	Sugar Times Team
23335	Sugar Times Team
23350	Sugar Times Team
23374	Sugar Times Team
23378	Sugar Times Team
23380	Sugar Times Team
23384	Sugar Times Team
23386	Sugar Times Team
23393	Sugar Times Team
23394	Sugar Times Team
23399	Sugar Times Team
23401	Sugar Times Team
23434	Sugar Times Team
23463	Sugar Times Team
23483	Sugar Times Team
23494	Sugar Times Team
23502	Sugar Times Team
23504	Sugar Times Team
23558	Sugar Times Team
23562	Sugar Times Team
23569	Sugar Times Team
23595	Sugar Times Team
23610	Sugar Times Team
23611	Sugar Times Team
23617	Sugar Times Team
23618	Sugar Times Team
23620	Sugar Times Team
23673	Sugar Times Team
23736	Sugar Times Team
23755	Sugar Times Team
23761	Sugar Times Team
24064	Sugar Times Team
24077	Sugar Times Team
24079	Sugar Times Team
24150	Sugar Times Team
24152	Sugar Times Team
24165	Sugar Times Team
24499	Sugar Times Team
24526	Sugar Times Team
24534	Sugar Times Team
24546	Sugar Times Team
24594	Sugar Times Team
24601	Sugar Times Team
24603	Sugar Times Team
24604	Sugar Times Team
24606	Sugar Times Team
24608	Sugar Times Team
24613	Sugar Times Team
24615	Sugar Times Team
24635	Sugar Times Team
24636	Sugar Times Team
24639	Sugar Times Team
24641	Sugar Times Team
24652	Sugar Times Team
24672	Sugar Times Team
24682	Sugar Times Team
24684	Sugar Times Team
24781	Sugar Times Team
24811	Sugar Times Team
24819	Sugar Times Team
24821	Sugar Times Team
24835	Sugar Times Team
24845	Sugar Times Team
24853	Sugar Times Team
24860	Sugar Times Team
24867	Sugar Times Team
24904	Sugar Times Team
24910	Sugar Times Team
24978	Sugar Times Team
24981	Sugar Times Team
24987	Sugar Times Team
25000	Sugar Times Team
25061	Sugar Times Team
25139	Sugar Times Team
25149	Sugar Times Team
25157	Sugar Times Team
25164	Sugar Times Team
25195	Sugar Times Team
25207	Sugar Times Team
25209	Sugar Times Team
25216	Sugar Times Team
25224	Sugar Times Team
25235	Sugar Times Team
25260	Sugar Times Team
25262	Sugar Times Team
25271	Sugar Times Team
25272	Sugar Times Team
25274	Sugar Times Team
25283	Sugar Times Team
25284	Sugar Times Team
25290	Sugar Times Team
25566	Sugar Times Team
25570	Sugar Times Team
25571	Sugar Times Team
25576	Sugar Times Team
25578	Sugar Times Team
25585	Sugar Times Team
25590	Sugar Times Team
25608	Sugar Times Team
25611	Sugar Times Team
25614	Sugar Times Team
25616	Sugar Times Team
25619	Sugar Times Team
25635	Sugar Times Team
25646	Sugar Times Team
25648	Sugar Times Team
25651	Sugar Times Team
25669	Sugar Times Team
25701	Sugar Times Team
25712	Sugar Times Team
25718	Sugar Times Team
25802	Sugar Times Team
25814	Sugar Times Team
25817	Sugar Times Team
25822	Sugar Times Team
25824	Sugar Times Team
25831	Sugar Times Team
25841	Sugar Times Team
25941	Sugar Times Team
25956	Sugar Times Team
25979	Sugar Times Team
25981	Sugar Times Team
26023	Sugar Times Team
26037	Sugar Times Team
26049	Sugar Times Team
26116	Sugar Times Team
26141	Sugar Times Team
26147	Sugar Times Team
26167	Sugar Times Team
26190	Sugar Times Team
26204	Sugar Times Team
26221	Sugar Times Team
26227	Sugar Times Team
26240	Sugar Times Team
26246	Sugar Times Team
26260	Sugar Times Team
26280	Sugar Times Team
26282	Sugar Times Team
26284	Sugar Times Team
26293	Sugar Times Team
26295	Sugar Times Team
26305	Sugar Times Team
26313	Sugar Times Team
26322	Sugar Times Team
26341	Sugar Times Team
26349	Sugar Times Team
26361	Sugar Times Team
26683	Sugar Times Team
26707	Sugar Times Team
26741	Sugar Times Team
26750	Sugar Times Team
26758	Sugar Times Team
26762	Sugar Times Team
26773	Sugar Times Team
26776	Sugar Times Team
26783	Sugar Times Team
26784	Sugar Times Team
26799	Sugar Times Team
26801	Sugar Times Team
26806	Sugar Times Team
26807	Sugar Times Team
26829	Sugar Times Team
26835	Sugar Times Team
26838	Sugar Times Team
26841	Sugar Times Team
27124	Sugar Times Team
27163	Sugar Times Team
27166	Sugar Times Team
27168	Sugar Times Team
27173	Sugar Times Team
27211	Sugar Times Team
27222	Sugar Times Team
27239	Sugar Times Team
27372	Sugar Times Team
27375	Sugar Times Team
27378	Sugar Times Team
27400	Sugar Times Team
27438	Sugar Times Team
27473	Sugar Times Team
27474	Sugar Times Team
27478	Sugar Times Team
27481	Sugar Times Team
27750	Sugar Times Team
27755	Sugar Times Team
27757	Sugar Times Team
27758	Sugar Times Team
27782	Sugar Times Team
27872	Sugar Times Team
27909	Sugar Times Team
27911	Sugar Times Team
27921	Sugar Times Team
27928	Sugar Times Team
27938	Sugar Times Team
27941	Sugar Times Team
27953	Sugar Times Team
27960	Sugar Times Team
27980	Sugar Times Team
27992	Sugar Times Team
28084	Sugar Times Team
58090	Sugar Times Team
58092	Sugar Times Team
58094	Sugar Times Team
58096	Sugar Times Team
58098	Sugar Times Team
58101	Sugar Times Team
58103	Sugar Times Team
58105	Sugar Times Team
58107	Sugar Times Team
58110	Sugar Times Team
58114	Sugar Times Team
58119	Sugar Times Team
58121	Sugar Times Team
58123	Sugar Times Team
58125	Sugar Times Team
58127	Sugar Times Team
58129	Sugar Times Team
58131	Sugar Times Team
58133	Sugar Times Team
58135	Sugar Times Team
58300	Sugar Times Team
59196	Sugar Times Team
59251	Sugar Times Team
79047	Sugar Times Team
79056	Sugar Times Team
79061	Sugar Times Team
79832	Sugar Times Team
83223	Sugar Times Team
83283	Sugar Times Team
83343	Sugar Times Team
83351	Sugar Times Team
83934	Sugar Times Team
84272	Sugar Times Team
84281	Sugar Times Team
84314	Sugar Times Team
84378	Sugar Times Team
84380	Sugar Times Team
84566	Sugar Times Team
84570	Sugar Times Team
84573	Sugar Times Team
84638	Sugar Times Team
84641	Sugar Times Team
84707	Sugar Times Team
84710	Sugar Times Team
84774	Sugar Times Team
84776	Sugar Times Team
84779	Sugar Times Team
84782	Sugar Times Team
84785	Sugar Times Team
85324	Sugar Times Team
85328	Sugar Times Team
85455	Sugar Times Team
85459	Sugar Times Team
85462	Sugar Times Team
85465	Sugar Times Team
85704	Sugar Times Team
85709	Sugar Times Team
85844	Sugar Times Team
85967	Sugar Times Team
86029	Sugar Times Team
86033	Sugar Times Team
86036	Sugar Times Team
86882	Sugar Times Team
86885	Sugar Times Team
86950	Sugar Times Team
87122	Sugar Times Team
87123	Sugar Times Team
87131	Sugar Times Team
87135	Sugar Times Team
87138	Sugar Times Team
87141	Sugar Times Team
87147	Sugar Times Team
87152	Sugar Times Team
87326	Sugar Times Team
87331	Sugar Times Team
87334	Sugar Times Team
87559	Sugar Times Team
87567	Sugar Times Team
87571	Sugar Times Team
87573	Sugar Times Team
88344	Sugar Times Team
88461	Sugar Times Team
88518	Sugar Times Team
89541	Sugar Times Team
94165	Sugar Times Team
94168	Sugar Times Team
94175	Sugar Times Team
94212	Sugar Times Team
94901	Sugar Times Team
95289	Sugar Times Team
95291	Sugar Times Team
95910	Sugar Times Team
95914	Sugar Times Team
95955	Sugar Times Team
95959	Sugar Times Team
96259	Sugar Times Team
97331	Sugar Times Team
98203	Sugar Times Team
98213	Sugar Times Team
98219	Sugar Times Team
98250	Sugar Times Team
98256	Sugar Times Team
98335	Sugar Times Team
98339	Sugar Times Team
98578	Sugar Times Team
98581	Sugar Times Team
98585	Sugar Times Team
98588	Sugar Times Team
98617	Sugar Times Team
98622	Sugar Times Team
98627	Sugar Times Team
98628	Sugar Times Team
98709	Sugar Times Team
98712	Sugar Times Team
98796	Sugar Times Team
98800	Sugar Times Team
98803	Sugar Times Team
98806	Sugar Times Team
98809	Sugar Times Team
98810	Sugar Times Team
98817	Sugar Times Team
98850	Sugar Times Team
98854	Sugar Times Team
98858	Sugar Times Team
98860	Sugar Times Team
98906	Sugar Times Team
98910	Sugar Times Team
98914	Sugar Times Team
99012	Sugar Times Team
99020	Sugar Times Team
99124	Sugar Times Team
99128	Sugar Times Team
99130	Sugar Times Team
99132	Sugar Times Team
99180	Sugar Times Team
99185	Sugar Times Team
99190	Sugar Times Team
99193	Sugar Times Team
99239	Sugar Times Team
99242	Sugar Times Team
99245	Sugar Times Team
99281	Sugar Times Team
99285	Sugar Times Team
99287	Sugar Times Team
99437	Sugar Times Team
99441	Sugar Times Team
99487	Sugar Times Team
99490	Sugar Times Team
99681	Sugar Times Team
99683	Sugar Times Team
100205	Sugar Times Team
100273	Sugar Times Team
100424	Sugar Times Team
100426	Sugar Times Team
100430	Sugar Times Team
100435	Sugar Times Team
100437	Sugar Times Team
100477	Sugar Times Team
100478	Sugar Times Team
100483	Sugar Times Team
100486	Sugar Times Team
100489	Sugar Times Team
101485	Sugar Times Team
101488	Sugar Times Team
101494	Sugar Times Team
101500	Sugar Times Team
101580	Sugar Times Team
101584	Sugar Times Team
101592	Sugar Times Team
101598	Sugar Times Team
101601	Sugar Times Team
101605	Sugar Times Team
101629	Sugar Times Team
101634	Sugar Times Team
101637	Sugar Times Team
101645	Sugar Times Team
101959	Sugar Times Team
101962	Sugar Times Team
101968	Sugar Times Team
101996	Sugar Times Team
101999	Sugar Times Team
102002	Sugar Times Team
102084	Sugar Times Team
102087	Sugar Times Team
102090	Sugar Times Team
102092	Sugar Times Team
102109	Sugar Times Team
102113	Sugar Times Team
102134	Sugar Times Team
102140	Sugar Times Team
102148	Sugar Times Team
102214	Sugar Times Team
102220	Sugar Times Team
102225	Sugar Times Team
102229	Sugar Times Team
102312	Sugar Times Team
102317	Sugar Times Team
102322	Sugar Times Team
102416	Sugar Times Team
102420	Sugar Times Team
102423	Sugar Times Team
102459	Sugar Times Team
102473	Sugar Times Team
102512	Sugar Times Team
102517	Sugar Times Team
102583	Sugar Times Team
102588	Sugar Times Team
102663	Sugar Times Team
102669	Sugar Times Team
102697	Sugar Times Team
102699	Sugar Times Team
102701	Sugar Times Team
102755	Sugar Times Team
102760	Sugar Times Team
102764	Sugar Times Team
102810	Sugar Times Team
102814	Sugar Times Team
102817	Sugar Times Team
102826	Sugar Times Team
102860	Sugar Times Team
102865	Sugar Times Team
102905	Sugar Times Team
102910	Sugar Times Team
102976	Sugar Times Team
102980	Sugar Times Team
103049	Sugar Times Team
103052	Sugar Times Team
103087	Sugar Times Team
103090	Sugar Times Team
103093	Sugar Times Team
103142	Sugar Times Team
103145	Sugar Times Team
103260	Sugar Times Team
103263	Sugar Times Team
103266	Sugar Times Team
103370	Sugar Times Team
103374	Sugar Times Team
103377	Sugar Times Team
103426	Sugar Times Team
103432	Sugar Times Team
103538	Sugar Times Team
103540	Sugar Times Team
103543	Sugar Times Team
103547	Sugar Times Team
103673	Sugar Times Team
103676	Sugar Times Team
103745	Sugar Times Team
103747	Sugar Times Team
103817	Sugar Times Team
103820	Sugar Times Team
103860	Sugar Times Team
103865	Sugar Times Team
103873	Sugar Times Team
103912	Sugar Times Team
103917	Sugar Times Team
104176	Sugar Times Team
104627	Sugar Times Team
104667	Sugar Times Team
104670	Sugar Times Team
104789	Sugar Times Team
104792	Sugar Times Team
104795	Sugar Times Team
104798	Sugar Times Team
104802	Sugar Times Team
104845	Sugar Times Team
104848	Sugar Times Team
104853	Sugar Times Team
104857	Sugar Times Team
104860	Sugar Times Team
104863	Sugar Times Team
104977	Sugar Times Team
104980	Sugar Times Team
104983	Sugar Times Team
104986	Sugar Times Team
104990	Sugar Times Team
104993	Sugar Times Team
104996	Sugar Times Team
105114	Sugar Times Team
105118	Sugar Times Team
105121	Sugar Times Team
105126	Sugar Times Team
105366	Sugar Times Team
105662	Sugar Times Team
105669	Sugar Times Team
105673	Sugar Times Team
105676	Sugar Times Team
105715	Sugar Times Team
105718	Sugar Times Team
105721	Sugar Times Team
105725	Sugar Times Team
105767	Sugar Times Team
105770	Sugar Times Team
105848	Sugar Times Team
105851	Sugar Times Team
105854	Sugar Times Team
106323	Sugar Times Team
106326	Sugar Times Team
106333	Sugar Times Team
106337	Sugar Times Team
106341	Sugar Times Team
106344	Sugar Times Team
106347	Sugar Times Team
106351	Sugar Times Team
106354	Sugar Times Team
106393	Sugar Times Team
106398	Sugar Times Team
106401	Sugar Times Team
106404	Sugar Times Team
106409	Sugar Times Team
106412	Sugar Times Team
106415	Sugar Times Team
106419	Sugar Times Team
106493	Sugar Times Team
106498	Sugar Times Team
106543	Sugar Times Team
106549	Sugar Times Team
106553	Sugar Times Team
106556	Sugar Times Team
106593	Sugar Times Team
106596	Sugar Times Team
106599	Sugar Times Team
106603	Sugar Times Team
106606	Sugar Times Team
106650	Sugar Times Team
106653	Sugar Times Team
106688	Sugar Times Team
106691	Sugar Times Team
106694	Sugar Times Team
106698	Sugar Times Team
106737	Sugar Times Team
106743	Sugar Times Team
106747	Sugar Times Team
106751	Sugar Times Team
106826	Sugar Times Team
106831	Sugar Times Team
106869	Sugar Times Team
106874	Sugar Times Team
106877	Sugar Times Team
106915	Sugar Times Team
106920	Sugar Times Team
106927	Sugar Times Team
106930	Sugar Times Team
107013	Sugar Times Team
107016	Sugar Times Team
107023	Sugar Times Team
107055	Sugar Times Team
107058	Sugar Times Team
107060	Sugar Times Team
107136	Sugar Times Team
107141	Sugar Times Team
107223	Sugar Times Team
107226	Sugar Times Team
107262	Sugar Times Team
107269	Sugar Times Team
107376	Sugar Times Team
107514	Sugar Times Team
107518	Sugar Times Team
107522	Sugar Times Team
107596	Sugar Times Team
107599	Sugar Times Team
107603	Sugar Times Team
107606	Sugar Times Team
107715	Sugar Times Team
107718	Sugar Times Team
107721	Sugar Times Team
107725	Sugar Times Team
107729	Sugar Times Team
107770	Sugar Times Team
107773	Sugar Times Team
107777	Sugar Times Team
107814	Sugar Times Team
107817	Sugar Times Team
107820	Sugar Times Team
107896	Sugar Times Team
107899	Sugar Times Team
107904	Sugar Times Team
107909	Sugar Times Team
107946	Sugar Times Team
107950	Sugar Times Team
107953	Sugar Times Team
107956	Sugar Times Team
107959	Sugar Times Team
108031	Sugar Times Team
108034	Sugar Times Team
108037	Sugar Times Team
108041	Sugar Times Team
108046	Sugar Times Team
108050	Sugar Times Team
108053	Sugar Times Team
108168	Sugar Times Team
108171	Sugar Times Team
108174	Sugar Times Team
108177	Sugar Times Team
108181	Sugar Times Team
108217	Sugar Times Team
108221	Sugar Times Team
108227	Sugar Times Team
108326	Sugar Times Team
108329	Sugar Times Team
108333	Sugar Times Team
108336	Sugar Times Team
108373	Sugar Times Team
108409	Sugar Times Team
108412	Sugar Times Team
108416	Sugar Times Team
108419	Sugar Times Team
108423	Sugar Times Team
108427	Sugar Times Team
108430	Sugar Times Team
108433	Sugar Times Team
108535	Sugar Times Team
108538	Sugar Times Team
108541	Sugar Times Team
108544	Sugar Times Team
108547	Sugar Times Team
108550	Sugar Times Team
108553	Sugar Times Team
108556	Sugar Times Team
108657	Sugar Times Team
108660	Sugar Times Team
108663	Sugar Times Team
108668	Sugar Times Team
108673	Sugar Times Team
108676	Sugar Times Team
108679	Sugar Times Team
108682	Sugar Times Team
108719	Sugar Times Team
108722	Sugar Times Team
108725	Sugar Times Team
108728	Sugar Times Team
108731	Sugar Times Team
108733	Sugar Times Team
108771	Sugar Times Team
108774	Sugar Times Team
108777	Sugar Times Team
108780	Sugar Times Team
108783	Sugar Times Team
108786	Sugar Times Team
108788	Sugar Times Team
108823	Sugar Times Team
108828	Sugar Times Team
108831	Sugar Times Team
108867	Sugar Times Team
108870	Sugar Times Team
108873	Sugar Times Team
108876	Sugar Times Team
108879	Sugar Times Team
108882	Sugar Times Team
108885	Sugar Times Team
108945	Sugar Times Team
108948	Sugar Times Team
108951	Sugar Times Team
108954	Sugar Times Team
108957	Sugar Times Team
108992	Sugar Times Team
108995	Sugar Times Team
108998	Sugar Times Team
109001	Sugar Times Team
109004	Sugar Times Team
109009	Sugar Times Team
109045	Sugar Times Team
109049	Sugar Times Team
109052	Sugar Times Team
109055	Sugar Times Team
109058	Sugar Times Team
109061	Sugar Times Team
109065	Sugar Times Team
109068	Sugar Times Team
109105	Sugar Times Team
109108	Sugar Times Team
109111	Sugar Times Team
109114	Sugar Times Team
109148	Sugar Times Team
109151	Sugar Times Team
109154	Sugar Times Team
109157	Sugar Times Team
109161	Sugar Times Team
109290	Sugar Times Team
109293	Sugar Times Team
109296	Sugar Times Team
109299	Sugar Times Team
109302	Sugar Times Team
109305	Sugar Times Team
109338	Sugar Times Team
109347	Sugar Times Team
109350	Sugar Times Team
109353	Sugar Times Team
109356	Sugar Times Team
109359	Sugar Times Team
109424	Sugar Times Team
109428	Sugar Times Team
109432	Sugar Times Team
109435	Sugar Times Team
109438	Sugar Times Team
109441	Sugar Times Team
109474	Sugar Times Team
109477	Sugar Times Team
109480	Sugar Times Team
109483	Sugar Times Team
109486	Sugar Times Team
109489	Sugar Times Team
109492	Sugar Times Team
109496	Sugar Times Team
109499	Sugar Times Team
109587	Sugar Times Team
109590	Sugar Times Team
109593	Sugar Times Team
109596	Sugar Times Team
109599	Sugar Times Team
109602	Sugar Times Team
109604	Sugar Times Team
109608	Sugar Times Team
109610	Sugar Times Team
109613	Sugar Times Team
109650	Sugar Times Team
109652	Sugar Times Team
109655	Sugar Times Team
109659	Sugar Times Team
109663	Sugar Times Team
109666	Sugar Times Team
109669	Sugar Times Team
109673	Sugar Times Team
109711	Sugar Times Team
109714	Sugar Times Team
109717	Sugar Times Team
109720	Sugar Times Team
109723	Sugar Times Team
109757	Sugar Times Team
109760	Sugar Times Team
109763	Sugar Times Team
109767	Sugar Times Team
109770	Sugar Times Team
109837	Sugar Times Team
109842	Sugar Times Team
109845	Sugar Times Team
109848	Sugar Times Team
109852	Sugar Times Team
109855	Sugar Times Team
109919	Sugar Times Team
109923	Sugar Times Team
109927	Sugar Times Team
109931	Sugar Times Team
109934	Sugar Times Team
109937	Sugar Times Team
109940	Sugar Times Team
109943	Sugar Times Team
109981	Sugar Times Team
109984	Sugar Times Team
109987	Sugar Times Team
109990	Sugar Times Team
109994	Sugar Times Team
110031	Sugar Times Team
110036	Sugar Times Team
110039	Sugar Times Team
110042	Sugar Times Team
110046	Sugar Times Team
110049	Sugar Times Team
110052	Sugar Times Team
110056	Sugar Times Team
110059	Sugar Times Team
110062	Sugar Times Team
110065	Sugar Times Team
110225	Sugar Times Team
110229	Sugar Times Team
110234	Sugar Times Team
110237	Sugar Times Team
110240	Sugar Times Team
110243	Sugar Times Team
110306	Sugar Times Team
110309	Sugar Times Team
110314	Sugar Times Team
110317	Sugar Times Team
110320	Sugar Times Team
110322	Sugar Times Team
110357	Sugar Times Team
110362	Sugar Times Team
110365	Sugar Times Team
110406	Sugar Times Team
110409	Sugar Times Team
110413	Sugar Times Team
110416	Sugar Times Team
110420	Sugar Times Team
110424	Sugar Times Team
110427	Sugar Times Team
110431	Sugar Times Team
110435	Sugar Times Team
110468	Sugar Times Team
110472	Sugar Times Team
110475	Sugar Times Team
110479	Sugar Times Team
110483	Sugar Times Team
110486	Sugar Times Team
110552	Sugar Times Team
110555	Sugar Times Team
110558	Sugar Times Team
110561	Sugar Times Team
110564	Sugar Times Team
110567	Sugar Times Team
110574	Sugar Times Team
110610	Sugar Times Team
110613	Sugar Times Team
110646	Sugar Times Team
110651	Sugar Times Team
110654	Sugar Times Team
110657	Sugar Times Team
110661	Sugar Times Team
110666	Sugar Times Team
110669	Sugar Times Team
110739	Sugar Times Team
110742	Sugar Times Team
110745	Sugar Times Team
110750	Sugar Times Team
110753	Sugar Times Team
110757	Sugar Times Team
110761	Sugar Times Team
110791	Sugar Times Team
110801	Sugar Times Team
110805	Sugar Times Team
110868	Sugar Times Team
110871	Sugar Times Team
110874	Sugar Times Team
110877	Sugar Times Team
110880	Sugar Times Team
110884	Sugar Times Team
110886	Sugar Times Team
110890	Sugar Times Team
110892	Sugar Times Team
110896	Sugar Times Team
110923	Sugar Times Team
110928	Sugar Times Team
110933	Sugar Times Team
110936	Sugar Times Team
110941	Sugar Times Team
110946	Sugar Times Team
110950	Sugar Times Team
110981	Sugar Times Team
110990	Sugar Times Team
110993	Sugar Times Team
110997	Sugar Times Team
111000	Sugar Times Team
111004	Sugar Times Team
111007	Sugar Times Team
111071	Sugar Times Team
111077	Sugar Times Team
111081	Sugar Times Team
111084	Sugar Times Team
111087	Sugar Times Team
111090	Sugar Times Team
111093	Sugar Times Team
111096	Sugar Times Team
111099	Sugar Times Team
111102	Sugar Times Team
111107	Sugar Times Team
111109	Sugar Times Team
111113	Sugar Times Team
111116	Sugar Times Team
111118	Sugar Times Team
111178	Sugar Times Team
111181	Sugar Times Team
111184	Sugar Times Team
111187	Sugar Times Team
111190	Sugar Times Team
111194	Sugar Times Team
111262	Sugar Times Team
111264	Sugar Times Team
111267	Sugar Times Team
111269	Sugar Times Team
111272	Sugar Times Team
111275	Sugar Times Team
111279	Sugar Times Team
111281	Sugar Times Team
111285	Sugar Times Team
111859	Sugar Times Team
111863	Sugar Times Team
111870	Sugar Times Team
111873	Sugar Times Team
111876	Sugar Times Team
111968	Sugar Times Team
112309	Sugar Times Team
112314	Sugar Times Team
112319	Sugar Times Team
112325	Sugar Times Team
112331	Sugar Times Team
112363	Sugar Times Team
112368	Sugar Times Team
112370	Sugar Times Team
112374	Sugar Times Team
112377	Sugar Times Team
112403	Sugar Times Team
112409	Sugar Times Team
112417	Sugar Times Team
112423	Sugar Times Team
112426	Sugar Times Team
112485	Sugar Times Team
112489	Sugar Times Team
112493	Sugar Times Team
112497	Sugar Times Team
112502	Sugar Times Team
112506	Sugar Times Team
112665	Sugar Times Team
112670	Sugar Times Team
112674	Sugar Times Team
112678	Sugar Times Team
112681	Sugar Times Team
112685	Sugar Times Team
112688	Sugar Times Team
112691	Sugar Times Team
112754	Sugar Times Team
112758	Sugar Times Team
112761	Sugar Times Team
112764	Sugar Times Team
112767	Sugar Times Team
112880	Sugar Times Team
112883	Sugar Times Team
112887	Sugar Times Team
112890	Sugar Times Team
112894	Sugar Times Team
112901	Sugar Times Team
112908	Sugar Times Team
112912	Sugar Times Team
112915	Sugar Times Team
112919	Sugar Times Team
112923	Sugar Times Team
112926	Sugar Times Team
112930	Sugar Times Team
112964	Sugar Times Team
112968	Sugar Times Team
112971	Sugar Times Team
112974	Sugar Times Team
112977	Sugar Times Team
112981	Sugar Times Team
113183	Sugar Times Team
113200	Sugar Times Team
113204	Sugar Times Team
113207	Sugar Times Team
113211	Sugar Times Team
113215	Sugar Times Team
113310	Sugar Times Team
113318	Sugar Times Team
113322	Sugar Times Team
113325	Sugar Times Team
113329	Sugar Times Team
113359	Sugar Times Team
113362	Sugar Times Team
113366	Sugar Times Team
113374	Sugar Times Team
113380	Sugar Times Team
113383	Sugar Times Team
113387	Sugar Times Team
113390	Sugar Times Team
113394	Sugar Times Team
113398	Sugar Times Team
113402	Sugar Times Team
113434	Sugar Times Team
113439	Sugar Times Team
113444	Sugar Times Team
113448	Sugar Times Team
113453	Sugar Times Team
113500	Sugar Times Team
113502	Sugar Times Team
113504	Sugar Times Team
113507	Sugar Times Team
113510	Sugar Times Team
113513	Sugar Times Team
113516	Sugar Times Team
113520	Sugar Times Team
113693	Sugar Times Team
113695	Sugar Times Team
113698	Sugar Times Team
113700	Sugar Times Team
113702	Sugar Times Team
113706	Sugar Times Team
113834	Sugar Times Team
113839	Sugar Times Team
113841	Sugar Times Team
113905	Sugar Times Team
114072	Sugar Times Team
114077	Sugar Times Team
114080	Sugar Times Team
114084	Sugar Times Team
114088	Sugar Times Team
114091	Sugar Times Team
114095	Sugar Times Team
114098	Sugar Times Team
114102	Sugar Times Team
114105	Sugar Times Team
114109	Sugar Times Team
114144	Sugar Times Team
114147	Sugar Times Team
114151	Sugar Times Team
114155	Sugar Times Team
114157	Sugar Times Team
114159	Sugar Times Team
114162	Sugar Times Team
114164	Sugar Times Team
114166	Sugar Times Team
114169	Sugar Times Team
114172	Sugar Times Team
114576	Sugar Times Team
114581	Sugar Times Team
114584	Sugar Times Team
114588	Sugar Times Team
114592	Sugar Times Team
114595	Sugar Times Team
114599	Sugar Times Team
114603	Sugar Times Team
114606	Sugar Times Team
114610	Sugar Times Team
114636	Sugar Times Team
114639	Sugar Times Team
114642	Sugar Times Team
114674	Sugar Times Team
114800	Sugar Times Team
114804	Sugar Times Team
114807	Sugar Times Team
114811	Sugar Times Team
114815	Sugar Times Team
114818	Sugar Times Team
114821	Sugar Times Team
114824	Sugar Times Team
114827	Sugar Times Team
114831	Sugar Times Team
114853	Sugar Times Team
114856	Sugar Times Team
114860	Sugar Times Team
114863	Sugar Times Team
114866	Sugar Times Team
114905	Sugar Times Team
114910	Sugar Times Team
114913	Sugar Times Team
114917	Sugar Times Team
114919	Sugar Times Team
114922	Sugar Times Team
114925	Sugar Times Team
114960	Sugar Times Team
114962	Sugar Times Team
114965	Sugar Times Team
114981	Sugar Times Team
114993	Sugar Times Team
114996	Sugar Times Team
115037	Sugar Times Team
115041	Sugar Times Team
115059	Sugar Times Team
115062	Sugar Times Team
115065	Sugar Times Team
115158	Sugar Times Team
115161	Sugar Times Team
115164	Sugar Times Team
115166	Sugar Times Team
115169	Sugar Times Team
115173	Sugar Times Team
115222	Sugar Times Team
115224	Sugar Times Team
115228	Sugar Times Team
115233	Sugar Times Team
115237	Sugar Times Team
115241	Sugar Times Team
115279	Sugar Times Team
115283	Sugar Times Team
115285	Sugar Times Team
115289	Sugar Times Team
115307	Sugar Times Team
115310	Sugar Times Team
115313	Sugar Times Team
115371	Sugar Times Team
115375	Sugar Times Team
115378	Sugar Times Team
115423	Sugar Times Team
115426	Sugar Times Team
115430	Sugar Times Team
115434	Sugar Times Team
115437	Sugar Times Team
115440	Sugar Times Team
115526	Sugar Times Team
115531	Sugar Times Team
115535	Sugar Times Team
115539	Sugar Times Team
115542	Sugar Times Team
115545	Sugar Times Team
115548	Sugar Times Team
115608	Sugar Times Team
115611	Sugar Times Team
115614	Sugar Times Team
115628	Sugar Times Team
115631	Sugar Times Team
115635	Sugar Times Team
115659	Sugar Times Team
115662	Sugar Times Team
115664	Sugar Times Team
115666	Sugar Times Team
115669	Sugar Times Team
115673	Sugar Times Team
115682	Sugar Times Team
115704	Sugar Times Team
115707	Sugar Times Team
115710	Sugar Times Team
115714	Sugar Times Team
115717	Sugar Times Team
115767	Sugar Times Team
115773	Sugar Times Team
115776	Sugar Times Team
115779	Sugar Times Team
115782	Sugar Times Team
115827	Sugar Times Team
115829	Sugar Times Team
115831	Sugar Times Team
115833	Sugar Times Team
115855	Sugar Times Team
115898	Sugar Times Team
115902	Sugar Times Team
115969	Sugar Times Team
115972	Sugar Times Team
115974	Sugar Times Team
115996	Sugar Times Team
115999	Sugar Times Team
116165	Sugar Times Team
116168	Sugar Times Team
116171	Sugar Times Team
116174	Sugar Times Team
116178	Sugar Times Team
116236	Sugar Times Team
116267	Sugar Times Team
116271	Sugar Times Team
116274	Sugar Times Team
116277	Sugar Times Team
116281	Sugar Times Team
116303	Sugar Times Team
116342	Sugar Times Team
116351	Sugar Times Team
116362	Sugar Times Team
116384	Sugar Times Team
116387	Sugar Times Team
116390	Sugar Times Team
116393	Sugar Times Team
116396	Sugar Times Team
116399	Sugar Times Team
116402	Sugar Times Team
116421	Sugar Times Team
116430	Sugar Times Team
116456	Sugar Times Team
116460	Sugar Times Team
116485	Sugar Times Team
116487	Sugar Times Team
116491	Sugar Times Team
116494	Sugar Times Team
117332	Sugar Times Team
117346	Sugar Times Team
117696	Sugar Times Team
80017	Sugar Times Editorial Team
80020	Sugar Times Editorial Team
89349	Sugar Times Editorial Team
89722	Sugar Times Editorial Team
91615	Sugar Times Editorial Team
92420	Sugar Times Editorial Team
92533	Sugar Times Editorial Team
92665	Sugar Times Editorial Team
93090	Sugar Times Editorial Team
93153	Sugar Times Editorial Team
93190	Sugar Times Editorial Team
97626	Sugar Times Editorial Team
103867	Sugar Times Editorial Team
106961	Sugar Times Editorial Team
103176	Sugar Times Team
105111	Sugar Times Team
105383	Sugar Times Team
105413	Sugar Times Team
105471	Sugar Times Team
105814	Sugar Times Team
105926	Sugar Times Team
105929	Sugar Times Team
105932	Sugar Times Team
105935	Sugar Times Team
105939	Sugar Times Team
106864	Sugar Times Team
106981	Sugar Times Team
106987	Sugar Times Team
107145	Sugar Times Team
107163	Sugar Times Team
107188	Sugar Times Team
107291	Sugar Times Team
107352	Sugar Times Team
107963	Sugar Times Team
109201	Sugar Times Team
109266	Sugar Times Team
110389	Sugar Times Team
110541	Sugar Times Team
114300	Sugar Times Team
115578	Sugar Times Team
116677	Sugar Times Team
116691	Sugar Times Team
116704	Sugar Times Team
116712	Sugar Times Team
116721	Sugar Times Team
116733	Sugar Times Team
116740	Sugar Times Team
116778	Sugar Times Team
116829	Sugar Times Team
116832	Sugar Times Team
116881	Sugar Times Team
116916	Sugar Times Team
116926	Sugar Times Team
116947	Sugar Times Team
116993	Sugar Times Team
117006	Sugar Times Team
117043	Sugar Times Team
117069	Sugar Times Team
117180	Sugar Times Team
117215	Sugar Times Team
117221	Sugar Times Team
117306	Sugar Times Team
117318	Sugar Times Team
117321	Sugar Times Team
117324	Sugar Times Team
117331	Sugar Times Team
117342	Sugar Times Team
117350	Sugar Times Team
117353	Sugar Times Team
117356	Sugar Times Team
117359	Sugar Times Team
117363	Sugar Times Team
117375	Sugar Times Team
117380	Sugar Times Team
117385	Sugar Times Team
117389	Sugar Times Team
117392	Sugar Times Team
117395	Sugar Times Team
117400	Sugar Times Team
117403	Sugar Times Team
117407	Sugar Times Team
117421	Sugar Times Team
117425	Sugar Times Team
117429	Sugar Times Team
117432	Sugar Times Team
117435	Sugar Times Team
117438	Sugar Times Team
117443	Sugar Times Team
117447	Sugar Times Team
117460	Sugar Times Team
117463	Sugar Times Team
117468	Sugar Times Team
117471	Sugar Times Team
117474	Sugar Times Team
117477	Sugar Times Team
117480	Sugar Times Team
117485	Sugar Times Team
117489	Sugar Times Team
117492	Sugar Times Team
117496	Sugar Times Team
117499	Sugar Times Team
117503	Sugar Times Team
117506	Sugar Times Team
117510	Sugar Times Team
117522	Sugar Times Team
117525	Sugar Times Team
117528	Sugar Times Team
117531	Sugar Times Team
117535	Sugar Times Team
117542	Sugar Times Team
117545	Sugar Times Team
117549	Sugar Times Team
117553	Sugar Times Team
117555	Sugar Times Team
117559	Sugar Times Team
117567	Sugar Times Team
117570	Sugar Times Team
117573	Sugar Times Team
117577	Sugar Times Team
117580	Sugar Times Team
117583	Sugar Times Team
117586	Sugar Times Team
117589	Sugar Times Team
117592	Sugar Times Team
117595	Sugar Times Team
117598	Sugar Times Team
117601	Sugar Times Team
117604	Sugar Times Team
117607	Sugar Times Team
117610	Sugar Times Team
117718	Sugar Times Team
117721	Sugar Times Team
117834	Sugar Times Team
117861	Sugar Times Team
117863	Sugar Times Team
117866	Sugar Times Team
117870	Sugar Times Team
117875	Sugar Times Team
117880	Sugar Times Team
117883	Sugar Times Team
117889	Sugar Times Team
117892	Sugar Times Team
117897	Sugar Times Team
117901	Sugar Times Team
117906	Sugar Times Team
117911	Sugar Times Team
117914	Sugar Times Team
117917	Sugar Times Team
117920	Sugar Times Team
117923	Sugar Times Team
117930	Sugar Times Team
117933	Sugar Times Team
117935	Sugar Times Team
117939	Sugar Times Team
117942	Sugar Times Team
117948	Sugar Times Team
117955	Sugar Times Team
